triple_id,head_id,head,tail_id,tail,relation,source_relation,chapter_no
T0002,990,শ্রেণিবিন্যাসের লক্ষ্য,361,জীবজগৎ,সম্পর্কিত,কাজ,1
T0005,224,ক্যারোলাস লিনিয়াস,132,উদ্ভিদ,সম্পর্কিত,কারণ,1
T0007,224,ক্যারোলাস লিনিয়াস,361,জীবজগৎ,সম্পর্কিত,কারণ,1
T0008,1041,সুপার কিংডম 1,636,প্রোক্যারিওটা,সম্পর্কিত,প্রকার,1
T0009,636,প্রোক্যারিওটা,506,নিউক্লিয়াস,সম্পর্কিত,কারণ,1
T0017,759,বৈশিষ্ট্য,132,উদ্ভিদ,সম্পর্কিত,প্রকার,1
T0019,759,বৈশিষ্ট্য,781,ভ্রণ,সম্পর্কিত,কারণ,1
T0020,759,বৈশিষ্ট্য,608,প্রজাতি,সম্পর্কিত,প্রতিরোধ,1
T0022,759,বৈশিষ্ট্য,633,প্রাণী,সম্পর্কিত,প্রকার,1
T0023,633,প্রাণী,253,খাদ্য,সম্পর্কিত,কাজ,1
T0026,384,টমাস কেভলিয়ার-স্মিথ,763,ব্যাকটেরিয়া,সম্পর্কিত,কাজ,1
T0043,476,দ্বিপদ নামকরণ,371,জীবের বৈজ্ঞানিক নাম,সম্পর্কিত,কারণ,1
T0045,757,বৈজ্ঞানিক নাম,608,প্রজাতি,সম্পর্কিত,অংশ,1
T0049,1019,সাধারণ নাম,757,বৈজ্ঞানিক নাম,সম্পর্কিত,প্রকার,1
T0054,786,ভ্ূণবিদ্যা,341,জাইগোট,সম্পর্কিত,কাজ,1
T0054,786,ভ্ূণবিদ্যা,781,ভ্রণ,সম্পর্কিত,কাজ,1
T0055,424,তন্দ্র,967,শিশুদের,সম্পর্কিত,অংশ,2
T0055,424,তন্দ্র,14,অঙ্গ,সম্পর্কিত,অংশ,2
T0056,633,প্রাণী,606,প্রজনন,সম্পর্কিত,কাজ,2
T0058,822,মানুষ,633,প্রাণী,সম্পর্কিত,কারণ,2
T0059,574,পুরুষ মানুষের দেহ,573,পুরুষ,সম্পর্কিত,অংশ,2
T0065,301,গ্রন্থি,1094,হরমোন,সম্পর্কিত,কাজ,2
T0066,301,গ্রন্থি,26,অণুবীক্ষণ যন্ত্র,সম্পর্কিত,পরিমাণ,2
T0074,1067,স্টেজ,81,আর্ম,সম্পর্কিত,অবস্থান,2
T0075,691,বড়ি টিউব,26,অণুবীক্ষণ যন্ত্র,সম্পর্কিত,কারণ,2
T0076,524,নোজপিস,691,বড়ি টিউব,সম্পর্কিত,অবস্থান,2
T0079,657,ফাইন আ্যাডজাস্টমেন্ট নব,1067,স্টেজ,সম্পর্কিত,কাজ,2
T0080,657,ফাইন আ্যাডজাস্টমেন্ট নব,1005,সমন্বয়,সম্পর্কিত,কারণ,2
T0083,212,কোষবিল্লী,639,প্রোটোপ্লাজম,সম্পর্কিত,অংশ,2
T0084,210,কোষঝিল্লি,639,প্রোটোপ্লাজম,সম্পর্কিত,অংশ,2
T0087,1023,সাবস্টেজ,1067,স্টেজ,সম্পর্কিত,অবস্থান,2
T0089,1023,সাবস্টেজ,166,কনডেলার,সম্পর্কিত,কারণ,2
T0097,26,অণুবীক্ষণ যন্ত্র,16,অঙ্গাণু,সম্পর্কিত,কাজ,2
T0099,123,ইলেক্ট্রন মাইক্রোস্কোপ,26,অণুবীক্ষণ যন্ত্র,সম্পর্কিত,প্রকার,2
T0100,203,কোষ,506,নিউক্লিয়াস,সম্পর্কিত,অবস্থান,2
T0104,16,অঙ্গাণু,1015,সাইটোপ্লাজমীয় অঙ্গাণু,সম্পর্কিত,প্রকার,2
T0110,223,ক্যারিওকাইনেসিস,506,নিউক্লিয়াস,সম্পর্কিত,অবস্থান,2
T0110,223,ক্যারিওকাইনেসিস,734,বিভাজন,সম্পর্কিত,অবস্থান,2
T0111,1012,সাইটোকাইনেসিস,734,বিভাজন,সম্পর্কিত,অবস্থান,2
T0113,115,ইন্টারফেজ,734,বিভাজন,সম্পর্কিত,অবস্থান,2
T0115,1084,স্পিন্ডল যন্ত্র,463,দুই মেরু,সম্পর্কিত,অংশ,2
T0118,1086,স্পিন্ডলযন্ত্রের কিছু তন্তু,1083,স্পিন্ডল তন্তু,সম্পর্কিত,অবস্থান,2
T0121,236,ক্রোমোজোমাল তন্তু,235,ক্রোমোজোম,সম্পর্কিত,কারণ,2
T0125,631,প্রাণিকোষ,1084,স্পিন্ডল যন্ত্র,সম্পর্কিত,কাজ,2
T0125,631,প্রাণিকোষ,1051,সেন্ট্রিওল,সম্পর্কিত,কাজ,2
T0128,79,আযাস্টার-রে,893,রশ্মি,সম্পর্কিত,কারণ,2
T0132,237,ক্রোমোটিড,40,অপত্য ক্রোমোজোম,সম্পর্কিত,অবস্থান,2
T0135,40,অপত্য ক্রোমোজোম,1063,সেস্ট্রোমিয়ার,সম্পর্কিত,অবস্থান,2
T0138,1054,সেন্ট্রোমিয়ার,235,ক্রোমোজোম,সম্পর্কিত,অবস্থান,2
T0146,295,গিঁট,1054,সেন্ট্রোমিয়ার,সম্পর্কিত,অবস্থান,2
T0146,295,গিঁট,788,মডেল,সম্পর্কিত,অবস্থান,2
T0148,725,বাহু,232,ক্রোমাটিড,সম্পর্কিত,কাজ,2
T0149,725,বাহু,1054,সেন্ট্রোমিয়ার,সম্পর্কিত,অবস্থান,2
T0151,980,শ্বসনের ধাপ,146,উৎসেচক,সম্পর্কিত,কাজ,2
T0151,980,শ্বসনের ধাপ,731,বিক্রিয়া,সম্পর্কিত,কাজ,2
T0154,642,প্লাস্টিড,253,খাদ্য,সম্পর্কিত,কাজ,2
T0157,238,ক্লোরোপ্লাস্ট,642,প্লাস্টিড,সম্পর্কিত,প্রকার,2
T0160,644,প্লীস্টিডের গ্রানা,1046,সূর্যালোক,সম্পর্কিত,কাজ,2
T0163,890,রঙিন প্লাস্টিড,550,পাতা,সম্পর্কিত,কাজ,2
T0163,890,রঙিন প্লাস্টিড,132,উদ্ভিদ,সম্পর্কিত,কাজ,2
T0165,156,এন্ডোপ্লাজমিক রেটিকুলাম,638,প্রোটিনগুলো,সম্পর্কিত,কাজ,2
T0166,156,এন্ডোপ্লাজমিক রেটিকুলাম,207,কোষগহ্বর,সম্পর্কিত,কারণ,2
T0169,207,কোষগহ্বর,213,কোষরস,সম্পর্কিত,কাজ,2
T0171,207,কোষগহ্বর,554,পানি,সম্পর্কিত,প্রকার,2
T0172,925,লাইসোজোমের পর্দা,15,অঙ্গাগুলো,সম্পর্কিত,কারণ,2
T0178,895,রাইবোজোম,633,প্রাণী,সম্পর্কিত,অবস্থান,2
T0178,895,রাইবোজোম,132,উদ্ভিদ,সম্পর্কিত,অবস্থান,2
T0179,895,রাইবোজোম,638,প্রোটিনগুলো,সম্পর্কিত,কাজ,2
T0180,895,রাইবোজোম,146,উৎসেচক,সম্পর্কিত,কাজ,2
T0182,804,মাইটোকন্ডরিয়ার ম্যাট্রিক,895,রাইবোজোম,সম্পর্কিত,অবস্থান,2
T0183,643,প্লাস্টিডের স্ট্রোমাত,895,রাইবোজোম,সম্পর্কিত,অবস্থান,2
T0184,895,রাইবোজোম,413,ডিএনএ,সম্পর্কিত,অবস্থান,2
T0184,895,রাইবোজোম,991,সংকেত,সম্পর্কিত,অবস্থান,2
T0185,764,ব্যাকটেরিয়া কোষের সাইটোপ্লাজমে,895,রাইবোজোম,সম্পর্কিত,অবস্থান,2
T0187,16,অঙ্গাণু,1051,সেন্ট্রিওল,সম্পর্কিত,অবস্থান,2
T0191,1053,সেন্ট্রোজোম,734,বিভাজন,সম্পর্কিত,কাজ,2
T0195,506,নিউক্লিয়াস,759,বৈশিষ্ট্য,সম্পর্কিত,প্রকার,2
T0196,504,নিউক্লিয়ার ঝিল্লি,506,নিউক্লিয়াস,সম্পর্কিত,অবস্থান,2
T0199,502,নিউক্লিওপ্লাজম,506,নিউক্লিয়াস,সম্পর্কিত,কারণ,2
T0201,503,নিউক্লিওলাস,638,প্রোটিনগুলো,সম্পর্কিত,কাজ,2
T0202,503,নিউক্লিওলাস,895,রাইবোজোম,সম্পর্কিত,কাজ,2
T0205,425,তন্ভুগুলো,234,ক্রোমাটিনগুলো,সম্পর্কিত,কারণ,2
T0205,425,তন্ভুগুলো,346,জালিকা,সম্পর্কিত,কারণ,2
T0207,234,ক্রোমাটিনগুলো,725,বাহু,সম্পর্কিত,কারণ,2
T0208,235,ক্রোমোজোম,232,ক্রোমাটিড,সম্পর্কিত,অংশ,2
T0209,232,ক্রোমাটিড,1063,সেস্ট্রোমিয়ার,সম্পর্কিত,অংশ,2
T0210,1063,সেস্ট্রোমিয়ার,232,ক্রোমাটিড,সম্পর্কিত,অবস্থান,2
T0211,232,ক্রোমাটিড,725,বাহু,সম্পর্কিত,অংশ,2
T0213,176,কাইনেটোকোর,1084,স্পিন্ডল যন্ত্র,সম্পর্কিত,কাজ,2
T0213,176,কাইনেটোকোর,1063,সেস্ট্রোমিয়ার,সম্পর্কিত,কাজ,2
T0214,180,কাজ,132,উদ্ভিদ,সম্পর্কিত,প্রকার,2
T0215,151,এককোষী প্রাণী,260,খাদ্যগ্রহণ,সম্পর্কিত,কাজ,2
T0215,151,এককোষী প্রাণী,606,প্রজনন,সম্পর্কিত,কাজ,2
T0218,393,টিস্যু,1010,সরল টিস্যু,সম্পর্কিত,প্রকার,2
T0221,1010,সরল টিস্যু,600,প্যারেনকাইমা,সম্পর্কিত,প্রকার,2
T0226,658,ফাইবার,250,খনিজ লবণ,সম্পর্কিত,কাজ,2
T0226,658,ফাইবার,554,পানি,সম্পর্কিত,কাজ,2
T0228,658,ফাইবার,628,প্রাচীর,সম্পর্কিত,অবস্থান,2
T0228,658,ফাইবার,330,ছিদ্র,সম্পর্কিত,অবস্থান,2
T0231,994,সক্কেরাইড,1020,সাধারণত,সম্পর্কিত,অবস্থান,2
T0232,171,কর্টেক্স,393,টিস্যু,সম্পর্কিত,অংশ,2
T0233,648,ফল,393,টিস্যু,সম্পর্কিত,অংশ,2
T0234,741,বীজ,393,টিস্যু,সম্পর্কিত,অংশ,2
T0238,137,উদ্ভিদের পরিবহণ টিস্যুগুচ্ছ,342,জাইলেম,সম্পর্কিত,প্রকার,2
T0238,137,উদ্ভিদের পরিবহণ টিস্যুগুচ্ছ,678,ফ্লোয়েম,সম্পর্কিত,প্রকার,2
T0240,602,প্রকৃত কোষ,506,নিউক্লিয়াস,সম্পর্কিত,অংশ,2
T0242,602,প্রকৃত কোষ,895,রাইবোজোম,সম্পর্কিত,অংশ,2
T0243,602,প্রকৃত কোষ,16,অঙ্গাণু,সম্পর্কিত,অংশ,2
T0244,235,ক্রোমোজোম,638,প্রোটিনগুলো,সম্পর্কিত,অংশ,2
T0252,779,ভেসেল,628,প্রাচীর,সম্পর্কিত,অবস্থান,2
T0256,132,উদ্ভিদ,250,খনিজ লবণ,সম্পর্কিত,কাজ,2
T0256,132,উদ্ভিদ,554,পানি,সম্পর্কিত,কাজ,2
T0257,132,উদ্ভিদ,14,অঙ্গ,সম্পর্কিত,কাজ,2
T0258,343,জাইলেম প্যারেনকাইমা,342,জাইলেম,সম্পর্কিত,অবস্থান,2
T0259,600,প্যারেনকাইমা,253,খাদ্য,সম্পর্কিত,কাজ,2
T0259,600,প্যারেনকাইমা,554,পানি,সম্পর্কিত,কাজ,2
T0263,344,জাইলেম ফাইবার,342,জাইলেম,সম্পর্কিত,অবস্থান,2
T0264,344,জাইলেম ফাইবার,554,পানি,সম্পর্কিত,কাজ,2
T0265,344,জাইলেম ফাইবার,253,খাদ্য,সম্পর্কিত,কাজ,2
T0266,344,জাইলেম ফাইবার,132,উদ্ভিদ,সম্পর্কিত,কাজ,2
T0267,678,ফ্লোয়েম,342,জাইলেম,সম্পর্কিত,কাজ,2
T0267,678,ফ্লোয়েম,395,টিস্যুগুচ্ছ,সম্পর্কিত,কাজ,2
T0268,679,ফ্লোয়েম টিস্যু,680,ফ্লোয়েম প্যারেনকাইমা,সম্পর্কিত,অংশ,2
T0268,679,ফ্লোয়েম টিস্যু,1036,সিভনল,সম্পর্কিত,অংশ,2
T0268,679,ফ্লোয়েম টিস্যু,995,সঙ্গীকোষ,সম্পর্কিত,অংশ,2
T0268,679,ফ্লোয়েম টিস্যু,678,ফ্লোয়েম,সম্পর্কিত,অংশ,2
T0269,1035,সিভকোষ,679,ফ্লোয়েম টিস্যু,সম্পর্কিত,অংশ,2
T0270,1035,সিভকোষ,253,খাদ্য,সম্পর্কিত,কাজ,2
T0271,1036,সিভনল,679,ফ্লোয়েম টিস্যু,সম্পর্কিত,অংশ,2
T0272,995,সঙ্গীকোষ,600,প্যারেনকাইমা,সম্পর্কিত,অবস্থান,2
T0273,357,জীবকোষ ও টিস্যু,506,নিউক্লিয়াস,সম্পর্কিত,কাজ,2
T0275,468,দেহকোষ,807,মাইটোসিস,সম্পর্কিত,কাজ,2
T0275,468,দেহকোষ,734,বিভাজন,সম্পর্কিত,কাজ,2
T0276,468,দেহকোষ,423,তন্ত্র,সম্পর্কিত,কাজ,2
T0276,468,দেহকোষ,14,অঙ্গ,সম্পর্কিত,কাজ,2
T0277,680,ফ্লোয়েম প্যারেনকাইমা,679,ফ্লোয়েম টিস্যু,সম্পর্কিত,অবস্থান,2
T0278,680,ফ্লোয়েম প্যারেনকাইমা,253,খাদ্য,সম্পর্কিত,কাজ,2
T0283,203,কোষ,362,জীবদেহ,সম্পর্কিত,অবস্থান,2
T0284,203,কোষ,393,টিস্যু,সম্পর্কিত,কাজ,2
T0292,41,অবরণী টিস্যু,14,অঙ্গ,সম্পর্কিত,কাজ,2
T0301,339,জননকোষ,832,মিয়োসিস,সম্পর্কিত,অবস্থান,2
T0302,339,জননকোষ,734,বিভাজন,সম্পর্কিত,কাজ,2
T0303,38,অপত্য,235,ক্রোমোজোম,সম্পর্কিত,কাজ,2
T0311,1071,স্ট্র্যাটিফাইড আবরণী টিস্যু,405,ট্রানজিশনাল আবরণী,সম্পর্কিত,কাজ,2
T0312,405,ট্রানজিশনাল আবরণী,633,প্রাণী,সম্পর্কিত,প্রতিরোধ,2
T0312,405,ট্রানজিশনাল আবরণী,442,ত্বক,সম্পর্কিত,প্রতিরোধ,2
T0315,1038,সিলিয়াযুক্ত আবরণী টিস্যু,633,প্রাণী,সম্পর্কিত,অবস্থান,2
T0317,243,ক্ষণপদযুত্ত আবরণী টিস্যু,633,প্রাণী,সম্পর্কিত,অবস্থান,2
T0318,338,জনন অঙ্গের আবরণী টিস্যু,610,প্রজাতির ধারা,সম্পর্কিত,কাজ,2
T0318,338,জনন অঙ্গের আবরণী টিস্যু,972,শুক্রাণু,সম্পর্কিত,কাজ,2
T0318,338,জনন অঙ্গের আবরণী টিস্যু,415,ডিম্বাণু,সম্পর্কিত,কাজ,2
T0320,71,আবরণী টিস্যু,14,অঙ্গ,সম্পর্কিত,কাজ,2
T0326,71,আবরণী টিস্যু,301,গ্রন্থি,সম্পর্কিত,অবস্থান,2
T0326,71,আবরণী টিস্যু,393,টিস্যু,সম্পর্কিত,অবস্থান,2
T0330,1065,স্কেলিটাল যোজক টিস্যু,14,অঙ্গ,সম্পর্কিত,কাজ,2
T0331,1065,স্কেলিটাল যোজক টিস্যু,797,মস্তিষ্ক,সম্পর্কিত,কাজ,2
T0331,1065,স্কেলিটাল যোজক টিস্যু,857,মেরুরজ্জু,সম্পর্কিত,কাজ,2
T0331,1065,স্কেলিটাল যোজক টিস্যু,667,ফুসফুস,সম্পর্কিত,কাজ,2
T0331,1065,স্কেলিটাল যোজক টিস্যু,15,অঙ্গাগুলো,সম্পর্কিত,কাজ,2
T0333,1065,স্কেলিটাল যোজক টিস্যু,587,পেশিগুলো,সম্পর্কিত,কাজ,2
T0336,427,তরল টিস্যুর প্রধান কাজ,871,রক্ত,সম্পর্কিত,কাজ,2
T0338,429,তরল যোজক টিস্যু,871,রক্ত,সম্পর্কিত,কাজ,2
T0338,429,তরল যোজক টিস্যু,919,লসিকা,সম্পর্কিত,কাজ,2
T0340,341,জাইগোট,362,জীবদেহ,সম্পর্কিত,কাজ,2
T0341,603,প্রকৃত কোষী,132,উদ্ভিদ,সম্পর্কিত,প্রকার,2
T0341,603,প্রকৃত কোষী,633,প্রাণী,সম্পর্কিত,প্রকার,2
T0344,878,রক্তরস,554,পানি,সম্পর্কিত,অংশ,2
T0346,1107,হিমোগ্লোবিন,6,অক্সিজেন,সম্পর্কিত,কাজ,2
T0346,1107,হিমোগ্লোবিন,9,অক্সিহিমোগ্লোবিন,সম্পর্কিত,কাজ,2
T0355,109,ইচ্ছানুযায়ী সংকুচিত বা প্রসারিত হয়,1020,সাধারণত,সম্পর্কিত,কাজ,2
T0355,109,ইচ্ছানুযায়ী সংকুচিত বা প্রসারিত হয়,506,নিউক্লিয়াস,সম্পর্কিত,কাজ,2
T0356,109,ইচ্ছানুযায়ী সংকুচিত বা প্রসারিত হয়,587,পেশিগুলো,সম্পর্কিত,কাজ,2
T0359,34,অনৈচ্ছিক পেশি,876,রক্তনালি,সম্পর্কিত,অবস্থান,2
T0359,34,অনৈচ্ছিক পেশি,593,পৌন্টিকনালি,সম্পর্কিত,অবস্থান,2
T0361,1076,স্নায়ুকোষ,1077,স্নায়ুগুলো,সম্পর্কিত,অংশ,2
T0361,1076,স্নায়ুকোষ,393,টিস্যু,সম্পর্কিত,অংশ,2
T0362,356,জীবকোষ,1077,স্নায়ুগুলো,সম্পর্কিত,অংশ,2
T0362,356,জীবকোষ,393,টিস্যু,সম্পর্কিত,অংশ,2
T0363,510,নিউরন,211,কোষদেহ,সম্পর্কিত,অংশ,2
T0364,510,নিউরন,623,প্রলম্বিত অংশ,সম্পর্কিত,অংশ,2
T0365,623,প্রলম্বিত অংশ,91,আ্যাক্সন,সম্পর্কিত,প্রকার,2
T0365,623,প্রলম্বিত অংশ,417,ডেনড্রাইট,সম্পর্কিত,প্রকার,2
T0366,952,শয়নাতিয়ার্রের পন,510,নিউরন,সম্পর্কিত,অবস্থান,2
T0368,416,ডেনড্রন,623,প্রলম্বিত অংশ,সম্পর্কিত,অংশ,2
T0369,417,ডেনড্রাইট,623,প্রলম্বিত অংশ,সম্পর্কিত,অংশ,2
T0370,918,লম্বা স্নায়ুতন্তু,510,নিউরন,সম্পর্কিত,অংশ,2
T0370,918,লম্বা স্নায়ুতন্তু,211,কোষদেহ,সম্পর্কিত,অংশ,2
T0371,91,আ্যাক্সন,918,লম্বা স্নায়ুতন্তু,সম্পর্কিত,অংশ,2
T0373,1034,সিন্যাপস,131,উদ্দীপনা,সম্পর্কিত,কাজ,2
T0374,1078,স্নায়ুটিস্যু,131,উদ্দীপনা,সম্পর্কিত,কাজ,2
T0374,1078,স্নায়ুটিস্যু,797,মস্তিষ্ক,সম্পর্কিত,কাজ,2
T0376,1078,স্নায়ুটিস্যু,14,অঙ্গ,সম্পর্কিত,কাজ,2
T0376,1078,স্নায়ুটিস্যু,1005,সমন্বয়,সম্পর্কিত,কাজ,2
T0378,48,অভ্যন্তরীণ অঙ্গ,547,পাকস্থলী,সম্পর্কিত,অবস্থান,2
T0378,48,অভ্যন্তরীণ অঙ্গ,120,ইলিয়াম,সম্পর্কিত,অবস্থান,2
T0378,48,অভ্যন্তরীণ অঙ্গ,1111,হৃৎপিণ্ড,সম্পর্কিত,অবস্থান,2
T0378,48,অভ্যন্তরীণ অঙ্গ,865,যকৃৎ,সম্পর্কিত,অবস্থান,2
T0378,48,অভ্যন্তরীণ অঙ্গ,667,ফুসফুস,সম্পর্কিত,অবস্থান,2
T0379,260,খাদ্যগ্রহণ,536,পরিপাকতন্দ্র,সম্পর্কিত,অংশ,2
T0380,536,পরিপাকতন্দ্র,594,পৌষ্টিক নালি,সম্পর্কিত,অংশ,2
T0381,536,পরিপাকতন্দ্র,301,গ্রন্থি,সম্পর্কিত,অংশ,2
T0383,594,পৌষ্টিক নালি,837,মুখগহ্বর,সম্পর্কিত,অংশ,2
T0384,594,পৌষ্টিক নালি,292,গলবিল,সম্পর্কিত,অংশ,2
T0386,594,পৌষ্টিক নালি,547,পাকস্থলী,সম্পর্কিত,অংশ,2
T0388,594,পৌষ্টিক নালি,120,ইলিয়াম,সম্পর্কিত,অংশ,2
T0392,828,মানুষের লালাগ্রন্থি,301,গ্রন্থি,সম্পর্কিত,অবস্থান,2
T0393,828,মানুষের লালাগ্রন্থি,253,খাদ্য,সম্পর্কিত,কাজ,2
T0394,865,যকৃৎ,301,গ্রন্থি,সম্পর্কিত,অবস্থান,2
T0395,865,যকৃৎ,253,খাদ্য,সম্পর্কিত,কাজ,2
T0396,10,অগ্ন্যাশয়,301,গ্রন্থি,সম্পর্কিত,অবস্থান,2
T0397,10,অগ্ন্যাশয়,253,খাদ্য,সম্পর্কিত,কাজ,2
T0398,829,মানুষের শ্বসনতন্দ্র,6,অক্সিজেন,সম্পর্কিত,কাজ,2
T0398,829,মানুষের শ্বসনতন্দ্র,822,মানুষ,সম্পর্কিত,কাজ,2
T0398,829,মানুষের শ্বসনতন্দ্র,253,খাদ্য,সম্পর্কিত,কাজ,2
T0399,1081,স্নায়ূতন্ত্র,797,মস্তিষ্ক,সম্পর্কিত,অংশ,2
T0403,907,রেচনতন্ত্র,839,মূত্রথলি,সম্পর্কিত,অংশ,2
T0405,579,পূর্ণসংখ্যক ক্রোমোজোম,341,জাইগোট,সম্পর্কিত,অবস্থান,3
T0406,1120,হ্যাপ্যেড কোষ,235,ক্রোমোজোম,সম্পর্কিত,অবস্থান,3
T0407,414,ডিপ্যেড কোষ,579,পূর্ণসংখ্যক ক্রোমোজোম,সম্পর্কিত,অবস্থান,3
T0410,832,মিয়োসিস,132,উদ্ভিদ,সম্পর্কিত,অবস্থান,3
T0414,832,মিয়োসিস,341,জাইগোট,সম্পর্কিত,কাজ,3
T0416,833,মিয়োসিস-1,734,বিভাজন,সম্পর্কিত,কাজ,3
T0417,834,মিয়োসিস-2,734,বিভাজন,সম্পর্কিত,কাজ,3
T0418,39,অপত্য কোষে,235,ক্রোমোজোম,সম্পর্কিত,কারণ,3
T0419,321,চিত্রের বিভাজন,506,নিউক্লিয়াস,সম্পর্কিত,কারণ,3
T0419,321,চিত্রের বিভাজন,734,বিভাজন,সম্পর্কিত,কারণ,3
T0420,321,চিত্রের বিভাজন,756,বৈচিত্র্য,সম্পর্কিত,কারণ,3
T0422,321,চিত্রের বিভাজন,38,অপত্য,সম্পর্কিত,কারণ,3
T0422,321,চিত্রের বিভাজন,235,ক্রোমোজোম,সম্পর্কিত,কারণ,3
T0436,807,মাইটোসিস,506,নিউক্লিয়াস,সম্পর্কিত,কারণ,3
T0436,807,মাইটোসিস,1014,সাইটোপ্লাজম,সম্পর্কিত,কারণ,3
T0437,807,মাইটোসিস,39,অপত্য কোষে,সম্পর্কিত,কারণ,3
T0437,807,মাইটোসিস,235,ক্রোমোজোম,সম্পর্কিত,কারণ,3
T0438,807,মাইটোসিস,392,টিউমার,সম্পর্কিত,কারণ,3
T0438,807,মাইটোসিস,220,ক্যান্সার,সম্পর্কিত,কারণ,3
T0439,392,টিউমার,734,বিভাজন,সম্পর্কিত,কারণ,3
T0440,219,ক্যাঙ্গার,392,টিউমার,সম্পর্কিত,কারণ,3
T0441,832,মিয়োসিস,235,ক্রোমোজোম,সম্পর্কিত,কাজ,3
T0441,832,মিয়োসিস,38,অপত্য,সম্পর্কিত,কাজ,3
T0442,558,পানির ফটোলাইসিস,554,পানি,সম্পর্কিত,কাজ,4
T0442,558,পানির ফটোলাইসিস,6,অক্সিজেন,সম্পর্কিত,কাজ,4
T0447,225,ক্যালভিন চক্র,956,শর্করা,সম্পর্কিত,কাজ,4
T0448,158,ও উদ্ভিদ,148,এই চক্র,সম্পর্কিত,কারণ,4
T0450,83,আলো,622,প্রভাবকগুলো,সম্পর্কিত,প্রকার,4
T0452,642,প্লাস্টিড,1046,সূর্যালোক,সম্পর্কিত,কাজ,4
T0453,363,জীবদেহের প্রতিটি কোষ,276,খাবার,সম্পর্কিত,কাজ,4
T0453,363,জীবদেহের প্রতিটি কোষ,606,প্রজনন,সম্পর্কিত,কাজ,4
T0453,363,জীবদেহের প্রতিটি কোষ,434,তাপমাত্রা,সম্পর্কিত,কাজ,4
T0455,1027,সালোকসংশ্লেষণ,184,কার্বন ডাই-অক্সাইড,সম্পর্কিত,কারণ,4
T0456,434,তাপমাত্রা,1027,সালোকসংশ্লেষণ,সম্পর্কিত,কাজ,4
T0456,434,তাপমাত্রা,622,প্রভাবকগুলো,সম্পর্কিত,কাজ,4
T0459,421,ঢা+ (হাইড্রোজেন আয়ন,554,পানি,সম্পর্কিত,অবস্থান,4
T0463,7,অক্সিজেনবিহীন পরিবেশে,1027,সালোকসংশ্লেষণ,সম্পর্কিত,অবস্থান,4
T0467,239,ক্লোরোফিল,550,পাতা,সম্পর্কিত,লক্ষণ,4
T0469,552,পাতার বয়স,1027,সালোকসংশ্লেষণ,সম্পর্কিত,কারণ,4
T0471,791,মধ্যবয়সি পাতা,1027,সালোকসংশ্লেষণ,সম্পর্কিত,লক্ষণ,4
T0472,553,পাতার সংখ্যা,1027,সালোকসংশ্লেষণ,সম্পর্কিত,কারণ,4
T0478,1027,সালোকসংশ্লেষণ,381,জৈব রাসায়নিক প্রক্রিয়া,সম্পর্কিত,অবস্থান,4
T0479,1002,সবুজ উদ্ভিদ,184,কার্বন ডাই-অক্সাইড,সম্পর্কিত,কাজ,4
T0479,1002,সবুজ উদ্ভিদ,554,পানি,সম্পর্কিত,কাজ,4
T0480,1027,সালোকসংশ্লেষণ,253,খাদ্য,সম্পর্কিত,কাজ,4
T0480,1027,সালোকসংশ্লেষণ,605,প্রক্রিয়া,সম্পর্কিত,কাজ,4
T0483,239,ক্লোরোফিল,956,শর্করা,সম্পর্কিত,কাজ,4
T0485,1001,সবুজ অংশ,956,শর্করা,সম্পর্কিত,কারণ,4
T0486,975,শ্বসন,999,সবাত শ্বসন,সম্পর্কিত,প্রকার,4
T0487,975,শ্বসন,44,অবাত শ্বসন,সম্পর্কিত,প্রকার,4
T0489,999,সবাত শ্বসন,6,অক্সিজেন,সম্পর্কিত,কারণ,4
T0489,999,সবাত শ্বসন,638,প্রোটিনগুলো,সম্পর্কিত,কারণ,4
T0490,999,সবাত শ্বসন,976,শ্বসন প্রক্রিয়া,সম্পর্কিত,অবস্থান,4
T0490,999,সবাত শ্বসন,132,উদ্ভিদ,সম্পর্কিত,অবস্থান,4
T0491,44,অবাত শ্বসন,6,অক্সিজেন,সম্পর্কিত,কারণ,4
T0492,44,অবাত শ্বসন,154,এনজাইম,সম্পর্কিত,কাজ,4
T0494,1027,সালোকসংশ্লেষণ,900,রাসায়নিক বিক্রিয়া,সম্পর্কিত,কাজ,4
T0498,104,ইংরেজ প্রাণরসায়নবিদ,230,ক্রেবস চক্র,সম্পর্কিত,কাজ,4
T0500,230,ক্রেবস চক্র,731,বিক্রিয়া,সম্পর্কিত,কারণ,4
T0501,148,এই চক্র,102,আ্যাসিটাইল ০-/&,সম্পর্কিত,পরিমাণ,4
T0507,83,আলো,975,শ্বসন,সম্পর্কিত,কারণ,4
T0509,262,খাদ্যদ্রব্য,554,পানি,সম্পর্কিত,কাজ,4
T0510,146,উৎসেচক,975,শ্বসন,সম্পর্কিত,কাজ,4
T0511,976,শ্বসন প্রক্রিয়া,731,বিক্রিয়া,সম্পর্কিত,কাজ,4
T0512,976,শ্বসন প্রক্রিয়া,253,খাদ্য,সম্পর্কিত,কাজ,4
T0512,976,শ্বসন প্রক্রিয়া,956,শর্করা,সম্পর্কিত,কাজ,4
T0513,976,শ্বসন প্রক্রিয়া,250,খনিজ লবণ,সম্পর্কিত,কাজ,4
T0514,976,শ্বসন প্রক্রিয়া,132,উদ্ভিদ,সম্পর্কিত,কাজ,4
T0514,976,শ্বসন প্রক্রিয়া,605,প্রক্রিয়া,সম্পর্কিত,কাজ,4
T0515,976,শ্বসন প্রক্রিয়া,734,বিভাজন,সম্পর্কিত,কাজ,4
T0519,763,ব্যাকটেরিয়া,44,অবাত শ্বসন,সম্পর্কিত,কারণ,4
T0529,161,ক' থার্মোফ্লাস্কের অঙ্কুরিত ছোলাগুলো,976,শ্বসন প্রক্রিয়া,সম্পর্কিত,কাজ,4
T0532,318,চিত্র ঈ সংঘটিত প্রক্রিয়া,253,খাদ্য,সম্পর্কিত,কাজ,4
T0535,192,কীটনাশক,253,খাদ্য,সম্পর্কিত,লক্ষণ,5
T0536,970,শিশুরাই,192,কীটনাশক,সম্পর্কিত,কারণ,5
T0543,900,রাসায়নিক বিক্রিয়া,154,এনজাইম,সম্পর্কিত,কারণ,5
T0543,900,রাসায়নিক বিক্রিয়া,253,খাদ্য,সম্পর্কিত,কারণ,5
T0546,595,পৌষ্টিকতন্ত্র,596,পৌষ্টিকনালি,সম্পর্কিত,অংশ,5
T0547,595,পৌষ্টিকতন্ত্র,301,গ্রন্থি,সম্পর্কিত,অংশ,5
T0549,593,পৌন্টিকনালি,837,মুখগহ্বর,সম্পর্কিত,অবস্থান,5
T0560,928,লালাগ্রন্থি,154,এনজাইম,সম্পর্কিত,কাজ,5
T0561,928,লালাগ্রন্থি,956,শর্করা,সম্পর্কিত,কারণ,5
T0562,172,কর্তন দাঁত,276,খাবার,সম্পর্কিত,কাজ,5
T0563,331,ছেদন দাঁত,276,খাবার,সম্পর্কিত,কাজ,5
T0565,591,পেষণ দাঁত,263,খাদ্যবস্তু,সম্পর্কিত,কাজ,5
T0574,418,ডেন্টিন,461,দাঁত,সম্পর্কিত,অংশ,5
T0575,155,এনামেল,461,দাঁত,সম্পর্কিত,অংশ,5
T0576,459,দন্তমজ্জা,418,ডেন্টিন,সম্পর্কিত,অংশ,5
T0577,459,দন্তমজ্জা,6,অক্সিজেন,সম্পর্কিত,কাজ,5
T0578,549,পাতলা আবরণ,461,দাঁত,সম্পর্কিত,অবস্থান,5
T0578,549,পাতলা আবরণ,418,ডেন্টিন,সম্পর্কিত,অবস্থান,5
T0580,837,মুখগহ্বর,263,খাদ্যবস্তু,সম্পর্কিত,কাজ,5
T0580,837,মুখগহ্বর,292,গলবিল,সম্পর্কিত,কাজ,5
T0581,292,গলবিল,837,মুখগহ্বর,সম্পর্কিত,অবস্থান,5
T0585,1064,স্কুদ্রান্দ্র,120,ইলিয়াম,সম্পর্কিত,অংশ,5
T0591,120,ইলিয়াম,753,বৃহদন্ত,সম্পর্কিত,অংশ,5
T0592,753,বৃহদন্ত,1032,সিকাম,সম্পর্কিত,অংশ,5
T0595,1032,সিকাম,97,আ্যাপেনডিক্স,সম্পর্কিত,অংশ,5
T0596,753,বৃহদন্ত,554,পানি,সম্পর্কিত,কাজ,5
T0600,592,পৌন্টিকগ্রন্থি,253,খাদ্য,সম্পর্কিত,কাজ,5
T0601,820,মানবদেহে,568,পিত্তনালি,সম্পর্কিত,অংশ,5
T0603,928,লালাগ্রন্থি,929,লালারস,সম্পর্কিত,অংশ,5
T0604,929,লালারস,554,পানি,সম্পর্কিত,কারণ,5
T0609,619,প্রত্যেকটি কোষ,569,পিত্তরস,সম্পর্কিত,কাজ,5
T0610,864,যকৃত,900,রাসায়নিক বিক্রিয়া,সম্পর্কিত,কাজ,5
T0613,568,পিত্তনালি,865,যকৃৎ,সম্পর্কিত,কাজ,5
T0614,865,যকৃৎ,569,পিত্তরস,সম্পর্কিত,কাজ,5
T0615,569,পিত্তরস,304,গ্লাইকোজেন,সম্পর্কিত,কাজ,5
T0616,569,পিত্তরস,253,খাদ্য,সম্পর্কিত,কাজ,5
T0619,569,পিত্তরস,313,চর্বিজাতীয় খাদ্য,সম্পর্কিত,কাজ,5
T0620,569,পিত্তরস,923,লাইপেজ,সম্পর্কিত,কাজ,5
T0622,101,আ্যামাইনো এসিড,695,বর্জ্য পদার্থ,সম্পর্কিত,কাজ,5
T0624,304,গ্লাইকোজেন,885,রক্তে,সম্পর্কিত,কারণ,5
T0627,10,অগ্ন্যাশয়,154,এনজাইম,সম্পর্কিত,কাজ,5
T0627,10,অগ্ন্যাশয়,871,রক্ত,সম্পর্কিত,কাজ,5
T0627,10,অগ্ন্যাশয়,1094,হরমোন,সম্পর্কিত,কাজ,5
T0629,11,অগ্ন্যাশয়রস,10,অগ্ন্যাশয়,সম্পর্কিত,অবস্থান,5
T0631,525,পটাশিয়াম,132,উদ্ভিদ,সম্পর্কিত,কাজ,5
T0632,525,পটাশিয়াম,527,পত্ররন্ধ,সম্পর্কিত,কাজ,5
T0633,525,পটাশিয়াম,554,পানি,সম্পর্কিত,কাজ,5
T0637,300,গ্যাস্ট্রিকগ্রন্থি,923,লাইপেজ,সম্পর্কিত,কাজ,5
T0638,300,গ্যাস্ট্রিকগ্রন্থি,299,গ্যাস্ট্রিক রস,সম্পর্কিত,কারণ,5
T0641,1093,স্ষুদ্রান্তের প্রাচীরে,69,আন্তরিক রস,সম্পর্কিত,কারণ,5
T0642,381,জৈব রাসায়নিক প্রক্রিয়া,274,খাদ্যের উপাদান,সম্পর্কিত,কাজ,5
T0642,381,জৈব রাসায়নিক প্রক্রিয়া,822,মানুষ,সম্পর্কিত,কাজ,5
T0645,1009,সরল উপাদান,871,রক্ত,সম্পর্কিত,কাজ,5
T0646,927,লালা,263,খাদ্যবস্তু,সম্পর্কিত,কাজ,5
T0647,927,লালা,928,লালাগ্রন্থি,সম্পর্কিত,অবস্থান,5
T0652,597,পৌস্টিক নালিগাত্র,262,খাদ্যদ্রব্য,সম্পর্কিত,কারণ,5
T0656,1100,হাইড্রোক্লোরিক এসিড,763,ব্যাকটেরিয়া,সম্পর্কিত,কাজ,5
T0657,547,পাকস্থলী,262,খাদ্যদ্রব্য,সম্পর্কিত,কাজ,5
T0662,154,এনজাইম,253,খাদ্য,সম্পর্কিত,কাজ,5
T0662,154,এনজাইম,956,শর্করা,সম্পর্কিত,কাজ,5
T0662,154,এনজাইম,75,আমিষ,সম্পর্কিত,কাজ,5
T0664,569,পিত্তরস,865,যকৃৎ,সম্পর্কিত,অবস্থান,5
T0668,650,ফসফরাস,356,জীবকোষ,সম্পর্কিত,অংশ,5
T0672,76,আয়রন,975,শ্বসন,সম্পর্কিত,কাজ,5
T0673,76,আয়রন,239,ক্লোরোফিল,সম্পর্কিত,কারণ,5
T0674,69,আন্তরিক রস,89,আল্লিক,সম্পর্কিত,অংশ,5
T0674,69,আন্তরিক রস,923,লাইপেজ,সম্পর্কিত,অংশ,5
T0674,69,আন্তরিক রস,154,এনজাইম,সম্পর্কিত,অংশ,5
T0675,12,অগ্যাশয় রস,923,লাইপেজ,সম্পর্কিত,অংশ,5
T0677,777,ভিলাই,120,ইলিয়াম,সম্পর্কিত,কাজ,5
T0678,919,লসিকা,274,খাদ্যের উপাদান,সম্পর্কিত,কাজ,5
T0689,639,প্রোটোপ্লাজম,253,খাদ্য,সম্পর্কিত,কাজ,5
T0690,639,প্রোটোপ্লাজম,154,এনজাইম,সম্পর্কিত,কারণ,5
T0691,871,রক্ত,253,খাদ্য,সম্পর্কিত,কারণ,5
T0692,639,প্রোটোপ্লাজম,75,আমিষ,সম্পর্কিত,কারণ,5
T0692,639,প্রোটোপ্লাজম,956,শর্করা,সম্পর্কিত,কারণ,5
T0694,89,আল্লিক,692,বদহজম,সম্পর্কিত,কারণ,5
T0706,582,পেপটিক আলসার,547,পাকস্থলী,সম্পর্কিত,কারণ,5
T0711,74,আমাশয় রোগ,871,রক্ত,সম্পর্কিত,লক্ষণ,5
T0715,217,কোষ্ঠকাঠিন্য,554,পানি,সম্পর্কিত,কারণ,5
T0716,217,কোষ্ঠকাঠিন্য,253,খাদ্য,সম্পর্কিত,কারণ,5
T0719,217,কোষ্ঠকাঠিন্য,799,মাংসপেশি,সম্পর্কিত,কারণ,5
T0720,217,কোষ্ঠকাঠিন্য,65,আঁশযুক্ত খাবার,সম্পর্কিত,কারণ,5
T0720,217,কোষ্ঠকাঠিন্য,897,রাফেজ,সম্পর্কিত,কারণ,5
T0722,217,কোষ্ঠকাঠিন্য,43,অবস্থা,সম্পর্কিত,লক্ষণ,5
T0725,217,কোষ্ঠকাঠিন্য,392,টিউমার,সম্পর্কিত,কারণ,5
T0728,29,অদ্লের আধিক্য,547,পাকস্থলী,সম্পর্কিত,কারণ,5
T0731,267,খাদ্যে অনিয়ম,582,পেপটিক আলসার,সম্পর্কিত,কারণ,5
T0732,771,ভাজাপোড়া খাবার খাওয়া,582,পেপটিক আলসার,সম্পর্কিত,কারণ,5
T0733,739,বিষঞ্জতা,582,পেপটিক আলসার,সম্পর্কিত,কারণ,5
T0734,143,উৎকণ্ঠা,582,পেপটিক আলসার,সম্পর্কিত,কারণ,5
T0735,492,নামের একটি ব্যাকটেরিয়া,582,পেপটিক আলসার,সম্পর্কিত,কারণ,5
T0738,583,পেপটিক আলসার রোগ,253,খাদ্য,সম্পর্কিত,লক্ষণ,5
T0741,98,আ্যাপেনডিক্সের সংক্রমণ,99,আ্যাপেনডিসাইটিস,সম্পর্কিত,কারণ,5
T0746,99,আ্যাপেনডিসাইটিস,217,কোষ্ঠকাঠিন্য,সম্পর্কিত,লক্ষণ,5
T0749,193,কৃমি,692,বদহজম,সম্পর্কিত,কারণ,5
T0758,193,কৃমি,253,খাদ্য,সম্পর্কিত,কারণ,5
T0765,1092,স্যালাইন,913,রোগী,সম্পর্কিত,কারণ,5
T0768,407,ডায়রিয়া,913,রোগী,সম্পর্কিত,কারণ,5
T0768,407,ডায়রিয়া,276,খাবার,সম্পর্কিত,কারণ,5
T0769,45,অভাবজনিত লক্ষণ,132,উদ্ভিদ,সম্পর্কিত,কারণ,5
T0778,242,ক্লোরোসিসে,734,বিভাজন,সম্পর্কিত,কারণ,5
T0779,242,ক্লোরোসিসে,132,উদ্ভিদ,সম্পর্কিত,কারণ,5
T0782,557,পানির পরিমাণ,639,প্রোটোপ্লাজম,সম্পর্কিত,কারণ,5
T0783,555,পানির অভাব,132,উদ্ভিদ,সম্পর্কিত,কারণ,5
T0783,555,পানির অভাব,731,বিক্রিয়া,সম্পর্কিত,কারণ,5
T0788,181,কাঠের খণ্ডটি,554,পানি,সম্পর্কিত,কারণ,5
T0790,858,মেসোফিল টিস্যু,554,পানি,সম্পর্কিত,কাজ,5
T0791,651,ফসফরাসের অভাব,550,পাতা,সম্পর্কিত,লক্ষণ,5
T0794,651,ফসফরাসের অভাব,132,উদ্ভিদ,সম্পর্কিত,লক্ষণ,5
T0799,526,পটাশিয়ামের অভাব,550,পাতা,সম্পর্কিত,লক্ষণ,5
T0800,526,পটাশিয়ামের অভাব,132,উদ্ভিদ,সম্পর্কিত,লক্ষণ,5
T0802,526,পটাশিয়ামের অভাব,253,খাদ্য,সম্পর্কিত,লক্ষণ,5
T0808,863,ম্যাগনেসিয়ামের অভাব,1029,সালোকসংশ্লেষণের হার,সম্পর্কিত,লক্ষণ,5
T0812,946,লৌহের অভাব,550,পাতা,সম্পর্কিত,লক্ষণ,5
T0813,946,লৌহের অভাব,182,কাণ্ড,সম্পর্কিত,লক্ষণ,5
T0814,1025,সালফার,550,পাতা,সম্পর্কিত,কারণ,5
T0818,1026,সালফারের অভাব,182,কাণ্ড,সম্পর্কিত,কারণ,5
T0827,274,খাদ্যের উপাদান,253,খাদ্য,সম্পর্কিত,কাজ,5
T0834,554,পানি,16,অঙ্গাণু,সম্পর্কিত,কাজ,5
T0835,897,রাফেজ,554,পানি,সম্পর্কিত,কাজ,5
T0838,75,আমিষ,488,নাইট্রোজেন,সম্পর্কিত,পরিমাণ,5
T0839,75,আমিষ,956,শর্করা,সম্পর্কিত,কারণ,5
T0847,312,চর্বি,442,ত্বক,সম্পর্কিত,অবস্থান,5
T0848,312,চর্বি,865,যকৃৎ,সম্পর্কিত,অবস্থান,5
T0849,312,চর্বি,797,মস্তিষ্ক,সম্পর্কিত,অবস্থান,5
T0850,312,চর্বি,587,পেশিগুলো,সম্পর্কিত,অবস্থান,5
T0852,278,খাবার তেল বা ঘি,276,খাবার,সম্পর্কিত,কাজ,5
T0858,250,খনিজ লবণ,470,দেহের গঠন,সম্পর্কিত,অবস্থান,5
T0859,250,খনিজ লবণ,1101,হাড়,সম্পর্কিত,কাজ,5
T0859,250,খনিজ লবণ,461,দাঁত,সম্পর্কিত,কাজ,5
T0859,250,খনিজ লবণ,587,পেশিগুলো,সম্পর্কিত,কাজ,5
T0859,250,খনিজ লবণ,154,এনজাইম,সম্পর্কিত,কাজ,5
T0859,250,খনিজ লবণ,1094,হরমোন,সম্পর্কিত,কাজ,5
T0860,250,খনিজ লবণ,131,উদ্দীপনা,সম্পর্কিত,কারণ,5
T0861,470,দেহের গঠন,468,দেহকোষ,সম্পর্কিত,অবস্থান,5
T0863,1060,সেলুলোজ,132,উদ্ভিদ,সম্পর্কিত,কাজ,5
T0864,932,লিগনিন,132,উদ্ভিদ,সম্পর্কিত,কাজ,5
T0865,1101,হাড়,819,মানবদেহ,সম্পর্কিত,কাজ,5
T0867,898,রাফেজযুক্ত খাবার,219,ক্যাঙ্গার,সম্পর্কিত,কারণ,5
T0870,65,আঁশযুক্ত খাবার,312,চর্বি,সম্পর্কিত,কারণ,5
T0873,277,খাবার তালিকা,570,পিরামিড,সম্পর্কিত,অবস্থান,5
T0876,275,খাদ্যের তালিকা,253,খাদ্য,সম্পর্কিত,কাজ,5
T0877,28,অত্যাবশ্যকীয় উপাদান,606,প্রজনন,সম্পর্কিত,কাজ,5
T0878,28,অত্যাবশ্যকীয় উপাদান,915,লক্ষণ,সম্পর্কিত,লক্ষণ,5
T0879,291,গলগণ্ড,77,আয়োডিনের অভাব,সম্পর্কিত,কারণ,5
T0885,881,রক্তশূন্যতা,43,অবস্থা,সম্পর্কিত,অবস্থান,5
T0886,945,লৌহ,883,রক্তস্বল্পতা,সম্পর্কিত,কারণ,5
T0887,649,ফলিক আ্যাসিড,883,রক্তস্বল্পতা,সম্পর্কিত,কারণ,5
T0888,776,ভিটামিন বি-12,883,রক্তস্বল্পতা,সম্পর্কিত,কারণ,5
T0890,947,লৌহের ঘাটতি,883,রক্তস্বল্পতা,সম্পর্কিত,কারণ,5
T0891,967,শিশুদের,883,রক্তস্বল্পতা,সম্পর্কিত,অবস্থান,5
T0893,287,গর্ভবতীদের,883,রক্তস্বল্পতা,সম্পর্কিত,অবস্থান,5
T0895,946,লৌহের অভাব,881,রক্তশূন্যতা,সম্পর্কিত,কারণ,5
T0910,803,মাইক্রোনিউট্রিয়েন্ট,762,বোরন,সম্পর্কিত,কারণ,5
T0922,1,30-34.9 শরীরের ওজন,260,খাদ্যগ্রহণ,সম্পর্কিত,কাজ,5
T0923,2,35-39.9 শরীরের ওজন,260,খাদ্যগ্রহণ,সম্পর্কিত,কাজ,5
T0924,3,40 এর উপরে শরীরের ওজন,406,ডাক্তারের পরামর্শ,সম্পর্কিত,কাজ,5
T0927,259,খাদ্য সংরক্ষণ,253,খাদ্য,সম্পর্কিত,কাজ,5
T0929,259,খাদ্য সংরক্ষণ,763,ব্যাকটেরিয়া,সম্পর্কিত,কারণ,5
T0929,259,খাদ্য সংরক্ষণ,326,ছত্রাক,সম্পর্কিত,কারণ,5
T0934,126,উচ্চ রক্তচাপ,484,ধূমপান,সম্পর্কিত,কারণ,6
T0935,126,উচ্চ রক্তচাপ,253,খাদ্য,সম্পর্কিত,কারণ,6
T0936,126,উচ্চ রক্তচাপ,408,ডায়াবেটিস,সম্পর্কিত,কারণ,6
T0936,126,উচ্চ রক্তচাপ,200,কোলেস্টেরল,সম্পর্কিত,কারণ,6
T0937,126,উচ্চ রক্তচাপ,874,রক্তচাপ,সম্পর্কিত,কারণ,6
T0940,127,উচ্চ রক্তচাপের প্রতিকার,484,ধূমপান,সম্পর্কিত,কারণ,6
T0941,875,রক্তচাপের মাত্রা,694,বয়স,সম্পর্কিত,কারণ,6
T0942,202,কোলেস্টেরল হাইড্রোকার্বন কোলেস্টেইন,200,কোলেস্টেরল,সম্পর্কিত,অংশ,6
T0942,202,কোলেস্টেরল হাইড্রোকার্বন কোলেস্টেইন,935,লিপোপ্রোটিন,সম্পর্কিত,অংশ,6
T0943,935,লিপোপ্রোটিন,885,রক্তে,সম্পর্কিত,অবস্থান,6
T0944,885,রক্তে,935,লিপোপ্রোটিন,সম্পর্কিত,পরিমাণ,6
T0946,46,অভিন্রবণ,132,উদ্ভিদ,সম্পর্কিত,কাজ,6
T0946,46,অভিন্রবণ,810,মাটি,সম্পর্কিত,কাজ,6
T0946,46,অভিন্রবণ,554,পানি,সম্পর্কিত,কাজ,6
T0947,843,মূলরোম,554,পানি,সম্পর্কিত,কাজ,6
T0948,132,উদ্ভিদ,810,মাটি,সম্পর্কিত,কাজ,6
T0949,213,কোষরস,250,খনিজ লবণ,সম্পর্কিত,সংজ্ঞা,6
T0949,213,কোষরস,554,পানি,সম্পর্কিত,সংজ্ঞা,6
T0952,1111,হৃৎপিণ্ড,6,অক্সিজেন,সম্পর্কিত,কাজ,6
T0957,200,কোলেস্টেরল,1094,হরমোন,সম্পর্কিত,কাজ,6
T0960,930,লিউকেমিয়া,987,শ্বেত রক্তকোষ,সম্পর্কিত,কারণ,6
T0970,1106,হার্ট আ্যাটাক,312,চর্বি,সম্পর্কিত,কারণ,6
T0970,1106,হার্ট আ্যাটাক,871,রক্ত,সম্পর্কিত,কারণ,6
T0972,1111,হৃৎপিণ্ড,871,রক্ত,সম্পর্কিত,কাজ,6
T0972,1111,হৃৎপিণ্ড,276,খাবার,সম্পর্কিত,কাজ,6
T0973,1111,হৃৎপিণ্ড,876,রক্তনালি,সম্পর্কিত,অংশ,6
T0975,912,রোগ,885,রক্তে,সম্পর্কিত,কারণ,6
T0984,1111,হৃৎপিণ্ড,822,মানুষ,সম্পর্কিত,কাজ,6
T0986,1111,হৃৎপিণ্ড,253,খাদ্য,সম্পর্কিত,কাজ,6
T0987,441,তেল বা চর্বিজাতীয় খাদ্য,1111,হৃৎপিণ্ড,সম্পর্কিত,কারণ,6
T0988,888,রক্তের কোলেস্টেরল,1111,হৃৎপিণ্ড,সম্পর্কিত,প্রতিরোধ,6
T0989,813,মাদক সেবন,1111,হৃৎপিণ্ড,সম্পর্কিত,কারণ,6
T0990,814,মাদকসেবী,1111,হৃৎপিণ্ড,সম্পর্কিত,কারণ,6
T0997,368,জীবের,298,গ্যাসীয় বিনিময়,সম্পর্কিত,কাজ,6
T0999,648,ফল,253,খাদ্য,সম্পর্কিত,অংশ,6
T1000,741,বীজ,253,খাদ্য,সম্পর্কিত,অংশ,6
T1001,182,কাণ্ড,253,খাদ্য,সম্পর্কিত,অংশ,6
T1002,842,মূল,253,খাদ্য,সম্পর্কিত,অংশ,6
T1003,550,পাতা,253,খাদ্য,সম্পর্কিত,অংশ,6
T1004,678,ফ্লোয়েম,253,খাদ্য,সম্পর্কিত,কাজ,6
T1006,1036,সিভনল,628,প্রাচীর,সম্পর্কিত,কারণ,6
T1007,1036,সিভনল,262,খাদ্যদ্রব্য,সম্পর্কিত,কারণ,6
T1009,1036,সিভনল,253,খাদ্য,সম্পর্কিত,কারণ,6
T1012,974,শোষিত পানির অংশ,132,উদ্ভিদ,সম্পর্কিত,কাজ,6
T1013,42,অবশিষ্ট পানি,132,উদ্ভিদ,সম্পর্কিত,অবস্থান,6
T1015,1075,স্থলজ উদ্ভিদ,14,অঙ্গ,সম্পর্কিত,কাজ,6
T1015,1075,স্থলজ উদ্ভিদ,554,পানি,সম্পর্কিত,কাজ,6
T1016,1075,স্থলজ উদ্ভিদ,624,প্রস্বেদন,সম্পর্কিত,কারণ,6
T1016,1075,স্থলজ উদ্ভিদ,605,প্রক্রিয়া,সম্পর্কিত,কারণ,6
T1021,527,পত্ররন্ধ,624,প্রস্বেদন,সম্পর্কিত,অবস্থান,6
T1021,527,পত্ররন্ধ,748,বৃতি,সম্পর্কিত,অবস্থান,6
T1021,527,পত্ররন্ধ,559,পাপড়ি,সম্পর্কিত,অবস্থান,6
T1023,940,লেন্টিসেল,624,প্রস্বেদন,সম্পর্কিত,কারণ,6
T1027,83,আলো,624,প্রস্বেদন,সম্পর্কিত,লক্ষণ,6
T1030,714,বায়ুপ্রবাহ,624,প্রস্বেদন,সম্পর্কিত,কারণ,6
T1032,716,বাষ্দীয়ভবন,624,প্রস্বেদন,সম্পর্কিত,কারণ,6
T1034,556,পানির কণা,550,পাতা,সম্পর্কিত,অবস্থান,6
T1036,971,শীত মৌসুমে,138,উদ্ভিদের পাতা,সম্পর্কিত,কারণ,6
T1037,624,প্রস্বেদন,132,উদ্ভিদ,সম্পর্কিত,কারণ,6
T1040,871,রক্ত,274,খাদ্যের উপাদান,সম্পর্কিত,কাজ,6
T1040,871,রক্ত,6,অক্সিজেন,সম্পর্কিত,কাজ,6
T1041,872,রক্ত সংবহনতজ্ত্র,871,রক্ত,সম্পর্কিত,কাজ,6
T1041,872,রক্ত সংবহনতজ্ত্র,14,অঙ্গ,সম্পর্কিত,কাজ,6
T1042,871,রক্ত,695,বর্জ্য পদার্থ,সম্পর্কিত,কাজ,6
T1048,538,পরিবহণতন্ত্র,884,রক্তু সংবহনতন্ত্র,সম্পর্কিত,অংশ,6
T1049,884,রক্তু সংবহনতন্ত্র,1111,হৃৎপিণ্ড,সম্পর্কিত,অংশ,6
T1050,884,রক্তু সংবহনতন্ত্র,478,ধমনি,সম্পর্কিত,অংশ,6
T1051,884,রক্তু সংবহনতন্ত্র,964,শিরা,সম্পর্কিত,অংশ,6
T1052,884,রক্তু সংবহনতন্ত্র,197,কৈশিকনালি,সম্পর্কিত,অংশ,6
T1053,538,পরিবহণতন্ত্র,921,লসিকাতন্ত্র,সম্পর্কিত,অংশ,6
T1054,921,লসিকাতন্ত্র,919,লসিকা,সম্পর্কিত,অংশ,6
T1058,871,রক্ত,1111,হৃৎপিণ্ড,সম্পর্কিত,অবস্থান,6
T1058,871,রক্ত,964,শিরা,সম্পর্কিত,অবস্থান,6
T1058,871,রক্ত,478,ধমনি,সম্পর্কিত,অবস্থান,6
T1058,871,রক্ত,197,কৈশিকনালি,সম্পর্কিত,অবস্থান,6
T1059,871,রক্ত,429,তরল যোজক টিস্যু,সম্পর্কিত,প্রকার,6
T1060,871,রক্ত,878,রক্তরস,সম্পর্কিত,অংশ,6
T1065,880,রক্তরসের উপাদান,554,পানি,সম্পর্কিত,প্রকার,6
T1066,880,রক্তরসের উপাদান,638,প্রোটিনগুলো,সম্পর্কিত,প্রকার,6
T1070,873,রক্তকোষ,944,লোহিত রক্তকোষ,সম্পর্কিত,প্রকার,6
T1071,873,রক্তকোষ,987,শ্বেত রক্তকোষ,সম্পর্কিত,প্রকার,6
T1072,873,রক্তকোষ,24,অণুচক্রিকা,সম্পর্কিত,প্রকার,6
T1073,944,লোহিত রক্তকোষ,6,অক্সিজেন,সম্পর্কিত,কাজ,6
T1078,1107,হিমোগ্লোবিন,871,রক্ত,সম্পর্কিত,কারণ,6
T1079,1109,হিমোগ্লোবিন না থাকলে,883,রক্তস্বল্পতা,সম্পর্কিত,লক্ষণ,6
T1079,1109,হিমোগ্লোবিন না থাকলে,881,রক্তশূন্যতা,সম্পর্কিত,লক্ষণ,6
T1080,988,শ্বেত রন্তকোষ,987,শ্বেত রক্তকোষ,সম্পর্কিত,কারণ,6
T1081,820,মানবদেহে,987,শ্বেত রক্তকোষ,সম্পর্কিত,পরিমাণ,6
T1081,820,মানবদেহে,885,রক্তে,সম্পর্কিত,পরিমাণ,6
T1091,302,গ্রানূলোসাইট,673,ফ্যাগোসাইটোসিস,সম্পর্কিত,কাজ,6
T1093,755,বেসোফিল,871,রক্ত,সম্পর্কিত,কাজ,6
T1095,22,অণুচক্কিকা,16,অঙ্গাণু,সম্পর্কিত,অবস্থান,6
T1096,22,অণুচক্কিকা,56,অস্থি,সম্পর্কিত,অংশ,6
T1097,23,অণুচক্কিকার,871,রক্ত,সম্পর্কিত,কাজ,6
T1098,24,অণুচক্রিকা,452,থোষ্বোপ্লাসটিন,সম্পর্কিত,কাজ,6
T1100,487,ধোম্বিন,878,রক্তরস,সম্পর্কিত,কাজ,6
T1100,487,ধোম্বিন,638,প্রোটিনগুলো,সম্পর্কিত,কাজ,6
T1100,487,ধোম্বিন,660,ফাইব্রিন,সম্পর্কিত,কাজ,6
T1100,487,ধোম্বিন,871,রক্ত,সম্পর্কিত,কাজ,6
T1101,660,ফাইব্রিন,638,প্রোটিনগুলো,সম্পর্কিত,কারণ,6
T1102,660,ফাইব্রিন,871,রক্ত,সম্পর্কিত,কাজ,6
T1109,460,দহনক্রিয়া,871,রক্ত,সম্পর্কিত,কাজ,6
T1110,871,রক্ত,184,কার্বন ডাই-অক্সাইড,সম্পর্কিত,কাজ,6
T1110,871,রক্ত,14,অঙ্গ,সম্পর্কিত,কাজ,6
T1115,24,অণুচক্রিকা,871,রক্ত,সম্পর্কিত,প্রতিরোধ,6
T1120,911,রেসাস (80) ফ্যাক্টর,913,রোগী,সম্পর্কিত,কারণ,6
T1121,910,রেসাস (8) ফ্যাক্টর,871,রক্ত,সম্পর্কিত,অবস্থান,6
T1123,1030,সি ইত্যাদি) সংক্রমণের শিকার,871,রক্ত,সম্পর্কিত,কারণ,6
T1126,1044,সুস্থ মানুষের দেহ,944,লোহিত রক্তকোষ,সম্পর্কিত,পরিমাণ,6
T1127,1111,হৃৎপিণ্ড,667,ফুসফুস,সম্পর্কিত,অবস্থান,6
T1127,1111,হৃৎপিণ্ড,14,অঙ্গ,সম্পর্কিত,অবস্থান,6
T1133,702,বহিঃম্তর,312,চর্বি,সম্পর্কিত,অবস্থান,6
T1134,702,বহিঃম্তর,71,আবরণী টিস্যু,সম্পর্কিত,অবস্থান,6
T1136,793,মধ্যস্তর,34,অনৈচ্ছিক পেশি,সম্পর্কিত,কাজ,6
T1138,36,অন্তঃম্তর,1115,হৃৎপিণ্ডের প্রকোষ্ঠগুলো,সম্পর্কিত,কারণ,6
T1138,36,অন্তঃম্তর,1111,হৃৎপিণ্ড,সম্পর্কিত,কারণ,6
T1139,1117,হৃৎপিণ্ডের ভিতরের স্তর,51,অলিন্দ,সম্পর্কিত,কারণ,6
T1139,1117,হৃৎপিণ্ডের ভিতরের স্তর,520,নিলয়,সম্পর্কিত,কারণ,6
T1149,520,নিলয়,587,পেশিগুলো,সম্পর্কিত,অবস্থান,6
T1150,401,ট্রাইকাসপিড,51,অলিন্দ,সম্পর্কিত,কারণ,6
T1150,401,ট্রাইকাসপিড,520,নিলয়,সম্পর্কিত,কারণ,6
T1151,871,রক্ত,51,অলিন্দ,সম্পর্কিত,কাজ,6
T1152,704,বাইকাসপিড,51,অলিন্দ,সম্পর্কিত,কারণ,6
T1152,704,বাইকাসপিড,520,নিলয়,সম্পর্কিত,কারণ,6
T1156,780,ভ্বৎপিণ্ড,871,রক্ত,সম্পর্কিত,অংশ,6
T1156,780,ভ্বৎপিণ্ড,423,তন্ত্র,সম্পর্কিত,অংশ,6
T1156,780,ভ্বৎপিণ্ড,14,অঙ্গ,সম্পর্কিত,অংশ,6
T1158,876,রক্তনালি,871,রক্ত,সম্পর্কিত,কাজ,6
T1159,877,রক্তবাহিকা,876,রক্তনালি,সম্পর্কিত,প্রকার,6
T1160,877,রক্তবাহিকা,1111,হৃৎপিণ্ড,সম্পর্কিত,কাজ,6
T1160,877,রক্তবাহিকা,871,রক্ত,সম্পর্কিত,কাজ,6
T1162,877,রক্তবাহিকা,196,কৈশিক জালিকা,সম্পর্কিত,প্রকার,6
T1162,877,রক্তবাহিকা,478,ধমনি,সম্পর্কিত,প্রকার,6
T1162,877,রক্তবাহিকা,964,শিরা,সম্পর্কিত,প্রকার,6
T1163,478,ধমনি,1020,সাধারণত,সম্পর্কিত,কারণ,6
T1163,478,ধমনি,871,রক্ত,সম্পর্কিত,কারণ,6
T1163,478,ধমনি,1111,হৃৎপিণ্ড,সম্পর্কিত,কারণ,6
T1166,345,জাইলেম ভেসেল বা ফ্লোয়েমের সিভনল,132,উদ্ভিদ,সম্পর্কিত,কারণ,6
T1167,390,টিউনিকা এক্সটার্না,393,টিস্যু,সম্পর্কিত,অংশ,6
T1168,391,টিউনিকা মিডিয়া,34,অনৈচ্ছিক পেশি,সম্পর্কিত,অংশ,6
T1169,389,টিউনিকা ইন্টারনা,71,আবরণী টিস্যু,সম্পর্কিত,অংশ,6
T1172,491,নাড়িস্পন্দন,480,ধমনির ভিতর,সম্পর্কিত,কারণ,6
T1175,669,ফুসফুসীয় শিরা,6,অক্সিজেন,সম্পর্কিত,কাজ,6
T1175,669,ফুসফুসীয় শিরা,871,রক্ত,সম্পর্কিত,কাজ,6
T1175,669,ফুসফুসীয় শিরা,667,ফুসফুস,সম্পর্কিত,কাজ,6
T1176,196,কৈশিক জালিকা,876,রক্তনালি,সম্পর্কিত,অবস্থান,6
T1177,196,কৈশিক জালিকা,478,ধমনি,সম্পর্কিত,কাজ,6
T1177,196,কৈশিক জালিকা,958,শাখাগুলো,সম্পর্কিত,কাজ,6
T1178,196,কৈশিক জালিকা,619,প্রত্যেকটি কোষ,সম্পর্কিত,কাজ,6
T1180,196,কৈশিক জালিকা,628,প্রাচীর,সম্পর্কিত,লক্ষণ,6
T1183,733,বিপি যন্ত্র,874,রক্তচাপ,সম্পর্কিত,কাজ,6
T1185,978,শ্বসনতন্ত্র,497,নাসাপথ,সম্পর্কিত,অংশ,7
T1186,978,শ্বসনতন্ত্র,292,গলবিল,সম্পর্কিত,অংশ,7
T1190,978,শ্বসনতন্ত্র,667,ফুসফুস,সম্পর্কিত,অংশ,7
T1191,978,শ্বসনতন্ত্র,789,মধ্যচ্ছদা,সম্পর্কিত,অংশ,7
T1192,499,নাসিকা,837,মুখগহ্বর,সম্পর্কিত,অবস্থান,7
T1194,499,নাসিকা,708,বাতাস,সম্পর্কিত,কাজ,7
T1194,499,নাসিকা,667,ফুসফুস,সম্পর্কিত,কাজ,7
T1199,497,নাসাপথ,709,বায়ু,সম্পর্কিত,কাজ,7
T1200,497,নাসাপথ,975,শ্বসন,সম্পর্কিত,কাজ,7
T1202,292,গলবিল,497,নাসাপথ,সম্পর্কিত,অবস্থান,7
T1204,498,নাসাপথের পশ্চাৎপথ,253,খাদ্য,সম্পর্কিত,কাজ,7
T1207,310,ঘোমটা,587,পেশিগুলো,সম্পর্কিত,কারণ,7
T1208,310,ঘোমটা,354,জিহ্বা,সম্পর্কিত,কাজ,7
T1208,310,ঘোমটা,422,ঢাকনা,সম্পর্কিত,কাজ,7
T1210,142,উপজিহ্বা,310,ঘোমটা,সম্পর্কিত,কারণ,7
T1212,422,ঢাকনা,354,জিহ্বা,সম্পর্কিত,কারণ,7
T1214,708,বাতাস,497,নাসাপথ,সম্পর্কিত,পরিমাণ,7
T1214,708,বাতাস,292,গলবিল,সম্পর্কিত,পরিমাণ,7
T1218,655,ফাঁপা নল,430,তরুণাস্থি,সম্পর্কিত,কারণ,7
T1218,655,ফাঁপা নল,587,পেশিগুলো,সম্পর্কিত,কারণ,7
T1221,655,ফাঁপা নল,709,বায়ু,সম্পর্কিত,কারণ,7
T1223,983,শ্বাসনালি স্বরযন্ত্রের নিম্নাংশ,667,ফুসফুস,সম্পর্কিত,অবস্থান,7
T1226,958,শাখাগুলো,767,ব্রংকাই,সম্পর্কিত,কাজ,7
T1228,767,ব্রংকাই,958,শাখাগুলো,সম্পর্কিত,কাজ,7
T1232,667,ফুসফুস,1111,হৃৎপিণ্ড,সম্পর্কিত,অংশ,7
T1236,667,ফুসফুস,709,বায়ু,সম্পর্কিত,কাজ,7
T1237,710,বায়ুথলি,709,বায়ু,সম্পর্কিত,কারণ,7
T1243,981,শ্বাস-প্রশ্বাসের অঙ্গগুলো,292,গলবিল,সম্পর্কিত,অবস্থান,7
T1244,686,বক্ষগহ্বরের ভিতর এবং বাইরের চাপের সমতা,709,বায়ু,সম্পর্কিত,কারণ,7
T1244,686,বক্ষগহ্বরের ভিতর এবং বাইরের চাপের সমতা,667,ফুসফুস,সম্পর্কিত,কারণ,7
T1245,789,মধ্যচ্ছদা,587,পেশিগুলো,সম্পর্কিত,কারণ,7
T1247,298,গ্যাসীয় বিনিময়,184,কার্বন ডাই-অক্সাইড,সম্পর্কিত,কাজ,7
T1247,298,গ্যাসীয় বিনিময়,6,অক্সিজেন,সম্পর্কিত,কাজ,7
T1248,1108,হিমোগ্লোবিন + অক্সিজেন,1107,হিমোগ্লোবিন,সম্পর্কিত,অবস্থান,7
T1249,9,অক্সিহিমোগ্লোবিন,6,অক্সিজেন,সম্পর্কিত,কাজ,7
T1249,9,অক্সিহিমোগ্লোবিন,1107,হিমোগ্লোবিন,সম্পর্কিত,কাজ,7
T1250,180,কাজ,604,প্রকৃতি,সম্পর্কিত,কাজ,7
T1251,132,উদ্ভিদ,182,কাণ্ড,সম্পর্কিত,অবস্থান,7
T1252,667,ফুসফুস,769,ভাইরাস,সম্পর্কিত,কারণ,7
T1253,667,ফুসফুস,712,বায়ুদূষণ,সম্পর্কিত,কারণ,7
T1262,709,বায়ু,1097,হাঁপানি,সম্পর্কিত,কারণ,7
T1263,486,ধোঁয়া,1097,হাঁপানি,সম্পর্কিত,কারণ,7
T1264,483,ধুলাবালি,1097,হাঁপানি,সম্পর্কিত,কারণ,7
T1265,666,ফুলের রেণু,1097,হাঁপানি,সম্পর্কিত,কারণ,7
T1271,965,শিশু,186,কাশি,সম্পর্কিত,কারণ,7
T1271,965,শিশু,1097,হাঁপানি,সম্পর্কিত,কারণ,7
T1275,43,অবস্থা,964,শিরা,সম্পর্কিত,লক্ষণ,7
T1280,160,ওঁষধ সেবন,913,রোগী,সম্পর্কিত,কারণ,7
T1287,136,উদ্ভিদের গ্যাসীয় বিনিময়,1027,সালোকসংশ্লেষণ,সম্পর্কিত,কারণ,7
T1288,462,দিবারাত্রি,979,শ্বসনপ্রক্রিয়া,সম্পর্কিত,কারণ,7
T1289,979,শ্বসনপ্রক্রিয়া,184,কার্বন ডাই-অক্সাইড,সম্পর্কিত,কারণ,7
T1291,768,ব্রংকাইটিস,484,ধূমপান,সম্পর্কিত,কারণ,7
T1294,768,ব্রংকাইটিস,967,শিশুদের,সম্পর্কিত,কারণ,7
T1298,509,নিউমোনিয়া,768,ব্রংকাইটিস,সম্পর্কিত,কারণ,7
T1299,509,নিউমোনিয়া,967,শিশুদের,সম্পর্কিত,কারণ,7
T1313,912,রোগ,763,ব্যাকটেরিয়া,সম্পর্কিত,কারণ,7
T1315,138,উদ্ভিদের পাতা,298,গ্যাসীয় বিনিময়,সম্পর্কিত,কাজ,7
T1317,1020,সাধারণত,186,কাশি,সম্পর্কিত,সংজ্ঞা,7
T1319,186,কাশি,871,রক্ত,সম্পর্কিত,লক্ষণ,7
T1325,406,ডাক্তারের পরামর্শ,317,চিকিৎসা,সম্পর্কিত,প্রতিরোধ,7
T1326,670,ফুসফুসের ক্যাঙ্গার,573,পুরুষ,সম্পর্কিত,কারণ,7
T1329,668,ফুসফুস ক্যান্সার,709,বায়ু,সম্পর্কিত,কারণ,7
T1331,915,লক্ষণ,186,কাশি,সম্পর্কিত,প্রকার,7
T1331,915,লক্ষণ,743,বুকে,সম্পর্কিত,প্রকার,7
T1335,915,লক্ষণ,1097,হাঁপানি,সম্পর্কিত,প্রকার,7
T1337,915,লক্ষণ,768,ব্রংকাইটিস,সম্পর্কিত,প্রকার,7
T1339,282,গনুঁকোজ,184,কার্বন ডাই-অক্সাইড,সম্পর্কিত,লক্ষণ,7
T1344,667,ফুসফুস,184,কার্বন ডাই-অক্সাইড,সম্পর্কিত,কাজ,7
T1344,667,ফুসফুস,6,অক্সিজেন,সম্পর্কিত,কাজ,7
T1345,982,শ্বাসকার্য,184,কার্বন ডাই-অক্সাইড,সম্পর্কিত,কাজ,7
T1345,982,শ্বাসকার্য,6,অক্সিজেন,সম্পর্কিত,কাজ,7
T1346,975,শ্বসন,184,কার্বন ডাই-অক্সাইড,সম্পর্কিত,কাজ,7
T1346,975,শ্বসন,263,খাদ্যবস্তু,সম্পর্কিত,কাজ,7
T1346,975,শ্বসন,6,অক্সিজেন,সম্পর্কিত,কাজ,7
T1348,467,দেহ,184,কার্বন ডাই-অক্সাইড,সম্পর্কিত,কাজ,7
T1348,467,দেহ,6,অক্সিজেন,সম্পর্কিত,কাজ,7
T1349,633,প্রাণী,605,প্রক্রিয়া,সম্পর্কিত,কাজ,7
T1354,614,প্রতিটি নেফ্রন,909,রেনাল টিউব্যুল,সম্পর্কিত,অংশ,8
T1355,616,প্রতিটি রেনাল করপাসল,306,গ্লোমেরুলাস,সম্পর্কিত,অংশ,8
T1356,616,প্রতিটি রেনাল করপাসল,761,বোম্যান্স ক্যাপসুল,সম্পর্কিত,অংশ,8
T1357,761,বোম্যান্স ক্যাপসুল,306,গ্লোমেরুলাস,সম্পর্কিত,অবস্থান,8
T1360,346,জালিকা,478,ধমনি,সম্পর্কিত,অংশ,8
T1361,346,জালিকা,100,আ্যাফারেন্ট আর্টারিওল,সম্পর্কিত,কাজ,8
T1363,100,আ্যাফারেন্ট আর্টারিওল,197,কৈশিকনালি,সম্পর্কিত,কাজ,8
T1364,197,কৈশিকনালি,346,জালিকা,সম্পর্কিত,অংশ,8
T1365,197,কৈশিকনালি,117,ইফারেন্ট আর্টারিওল,সম্পর্কিত,কাজ,8
T1367,306,গ্লোমেরুলাস,871,রক্ত,সম্পর্কিত,কাজ,8
T1368,87,আল্ট্রাফিলট্রেট,909,রেনাল টিউব্যুল,সম্পর্কিত,অবস্থান,8
T1374,745,বৃক্ধ,838,মূত্র,সম্পর্কিত,কাজ,8
T1380,874,রক্তচাপ,554,পানি,সম্পর্কিত,কাজ,8
T1382,362,জীবদেহ,554,পানি,সম্পর্কিত,কাজ,8
T1383,362,জীবদেহ,47,অভিপ্রবণ,সম্পর্কিত,লক্ষণ,8
T1385,307,গ্লোমেরুলাসে,906,রেচন,সম্পর্কিত,কাজ,8
T1385,307,গ্লোমেরুলাসে,554,পানি,সম্পর্কিত,কাজ,8
T1386,750,বৃল্ধ অকার্যকর হয়ে গেলে,554,পানি,সম্পর্কিত,কারণ,8
T1390,191,কিডনির রোগ,638,প্রোটিনগুলো,সম্পর্কিত,লক্ষণ,8
T1391,191,কিডনির রোগ,871,রক্ত,সম্পর্কিত,লক্ষণ,8
T1398,747,বৃক্ধের পাথর,871,রক্ত,সম্পর্কিত,লক্ষণ,8
T1400,188,কিডনি,126,উচ্চ রক্তচাপ,সম্পর্কিত,কারণ,8
T1400,188,কিডনি,408,ডায়াবেটিস,সম্পর্কিত,কারণ,8
T1402,189,কিডনি বিকলতা,838,মূত্র,সম্পর্কিত,লক্ষণ,8
T1403,189,কিডনি বিকলতা,885,রক্তে,সম্পর্কিত,লক্ষণ,8
T1405,411,ডায়ালাইসিস টিউব,410,ডায়ালাইসিস,সম্পর্কিত,অবস্থান,8
T1406,412,ডায়ালাইসিস মেশিন,695,বর্জ্য পদার্থ,সম্পর্কিত,কাজ,8
T1407,190,কিডনি সংযোজন,188,কিডনি,সম্পর্কিত,কাজ,8
T1411,63,অস্বাস্থ্যকর জীবনযাপন,840,মূত্রনালির সংক্রমণ,সম্পর্কিত,কারণ,8
T1414,906,রেচন,695,বর্জ্য পদার্থ,সম্পর্কিত,কাজ,8
T1417,906,রেচন,188,কিডনি,সম্পর্কিত,অংশ,8
T1417,906,রেচন,745,বৃক্ধ,সম্পর্কিত,অংশ,8
T1420,745,বৃক্ধ,819,মানবদেহ,সম্পর্কিত,অবস্থান,8
T1422,221,ক্যাপসুল-সংলগ্ন অংশ,171,কর্টেক্স,সম্পর্কিত,কারণ,8
T1423,221,ক্যাপসুল-সংলগ্ন অংশ,848,মেডুলা,সম্পর্কিত,কারণ,8
T1425,848,মেডুলা,570,পিরামিড,সম্পর্কিত,পরিমাণ,8
T1426,106,ইউরিনিফেরাস নালিকা,523,নেফ্রন,সম্পর্কিত,অংশ,8
T1427,106,ইউরিনিফেরাস নালিকা,992,সংগ্রাহক বা সংগ্রাহী নালিকা,সম্পর্কিত,অংশ,8
T1428,523,নেফ্রন,838,মূত্র,সম্পর্কিত,কাজ,8
T1429,992,সংগ্রাহক বা সংগ্রাহী নালিকা,838,মূত্র,সম্পর্কিত,কাজ,8
T1438,55,অস্টিওপোরোসিস,915,লক্ষণ,সম্পর্কিত,লক্ষণ,9
T1440,80,আর্থাইটিস,915,লক্ষণ,সম্পর্কিত,লক্ষণ,9
T1441,56,অস্থি,1101,হাড়,সম্পর্কিত,কারণ,9
T1452,60,অস্থিসন্ধি,56,অস্থি,সম্পর্কিত,কারণ,9
T1456,60,অস্থিসন্ধি,1017,সাইনোভিয়াল অস্থিসন্ধি,সম্পর্কিত,কাজ,9
T1458,1017,সাইনোভিয়াল অস্থিসন্ধি,60,অস্থিসন্ধি,সম্পর্কিত,অংশ,9
T1458,1017,সাইনোভিয়াল অস্থিসন্ধি,933,লিগামেন্ট,সম্পর্কিত,অংশ,9
T1461,697,বল ও কোটরসম্ধি,1006,সম্ধিস্থলে,সম্পর্কিত,অবস্থান,9
T1463,165,কজা,162,কঙ্কাল,সম্পর্কিত,কাজ,9
T1464,588,পেশিতন্দ্র,14,অঙ্গ,সম্পর্কিত,কাজ,9
T1471,57,অস্থি ও পেশি,56,অস্থি,সম্পর্কিত,কাজ,9
T1472,584,পেশি,56,অস্থি,সম্পর্কিত,কাজ,9
T1479,393,টিস্যু,396,টেনডন,সম্পর্কিত,কারণ,9
T1484,64,আঁটিগুচ্ছ,395,টিস্যুগুচ্ছ,সম্পর্কিত,কারণ,9
T1484,64,আঁটিগুচ্ছ,393,টিস্যু,সম্পর্কিত,কারণ,9
T1486,397,টেনডনের আঁটিগুচ্ছ,396,টেনডন,সম্পর্কিত,কারণ,9
T1486,397,টেনডনের আঁটিগুচ্ছ,393,টিস্যু,সম্পর্কিত,কারণ,9
T1486,397,টেনডনের আঁটিগুচ্ছ,587,পেশিগুলো,সম্পর্কিত,কারণ,9
T1487,396,টেনডন,587,পেশিগুলো,সম্পর্কিত,কাজ,9
T1490,584,পেশি,587,পেশিগুলো,সম্পর্কিত,কারণ,9
T1493,933,লিগামেন্ট,957,শাখা-প্রশাখা,সম্পর্কিত,কারণ,9
T1494,162,কঙ্কাল,56,অস্থি,সম্পর্কিত,অংশ,9
T1495,969,শিশুর কঙ্কাল,56,অস্থি,সম্পর্কিত,অংশ,9
T1496,162,কঙ্কাল,819,মানবদেহ,সম্পর্কিত,কাজ,9
T1498,119,ইলাস্টিন,1101,হাড়,সম্পর্কিত,কাজ,9
T1500,55,অস্টিওপোরোসিস,227,ক্যালসিয়াম,সম্পর্কিত,কারণ,9
T1521,56,অস্থি,162,কঙ্কাল,সম্পর্কিত,অংশ,9
T1523,56,অস্থি,430,তরুণাস্থি,সম্পর্কিত,অংশ,9
T1531,163,কঙ্কালতন্ত্র,56,অস্থি,সম্পর্কিত,অংশ,9
T1531,163,কঙ্কালতন্ত্র,430,তরুণাস্থি,সম্পর্কিত,অংশ,9
T1531,163,কঙ্কালতন্ত্র,587,পেশিগুলো,সম্পর্কিত,অংশ,9
T1531,163,কঙ্কালতন্ত্র,589,পেশিবন্ধনী,সম্পর্কিত,অংশ,9
T1534,699,বহিঃকঙ্কাল,162,কঙ্কাল,সম্পর্কিত,অবস্থান,9
T1537,162,কঙ্কাল,14,অঙ্গ,সম্পর্কিত,কাজ,9
T1538,798,মস্তিষ্ক করোটি,857,মেরুরজ্জু,সম্পর্কিত,অবস্থান,9
T1539,798,মস্তিষ্ক করোটি,1111,হৃৎপিণ্ড,সম্পর্কিত,অবস্থান,9
T1539,798,মস্তিষ্ক করোটি,667,ফুসফুস,সম্পর্কিত,অবস্থান,9
T1540,587,পেশিগুলো,162,কঙ্কাল,সম্পর্কিত,অবস্থান,9
T1544,56,অস্থি,250,খনিজ লবণ,সম্পর্কিত,কাজ,9
T1548,562,পারকিনসন রোগ,797,মস্তিষ্ক,সম্পর্কিত,অবস্থান,10
T1551,562,পারকিনসন রোগ,694,বয়স,সম্পর্কিত,অবস্থান,10
T1557,563,পারকিনসন রোগাক্রান্ত রোগীর মস্তিষ্কে,419,ডোপামিন তৈরির কোষগুলো,সম্পর্কিত,কারণ,10
T1558,585,পেশি কোষগুলো,563,পারকিনসন রোগাক্রান্ত রোগীর মস্তিষ্কে,সম্পর্কিত,কারণ,10
T1559,800,মাংসপেশি তার কোষগুলো,799,মাংসপেশি,সম্পর্কিত,কারণ,10
T1560,694,বয়স,799,মাংসপেশি,সম্পর্কিত,কারণ,10
T1567,513,নিকোটিন,1077,স্নায়ুগুলো,সম্পর্কিত,কাজ,10
T1568,513,নিকোটিন,515,নিকোটিনের চাহিদা,সম্পর্কিত,কাজ,10
T1569,515,নিকোটিনের চাহিদা,484,ধূমপান,সম্পর্কিত,কাজ,10
T1574,355,জীব,608,প্রজাতি,সম্পর্কিত,কারণ,10
T1575,369,জীবের প্রজনন,608,প্রজাতি,সম্পর্কিত,প্রকার,10
T1578,352,জিবেরেলিন,132,উদ্ভিদ,সম্পর্কিত,অবস্থান,10
T1582,352,জিবেরেলিন,182,কাণ্ড,সম্পর্কিত,কারণ,10
T1583,1011,সাইটোকাইনিন,734,বিভাজন,সম্পর্কিত,কাজ,10
T1585,1011,সাইটোকাইনিন,14,অঙ্গ,সম্পর্কিত,কাজ,10
T1589,111,ইথিলিন,550,পাতা,সম্পর্কিত,কাজ,10
T1591,111,ইথিলিন,182,কাণ্ড,সম্পর্কিত,কাজ,10
T1603,5,অক্ষরণগুলি,182,কাণ্ড,সম্পর্কিত,কারণ,10
T1604,784,ভ্রণমূল,131,উদ্দীপনা,সম্পর্কিত,অংশ,10
T1611,315,চলন,622,প্রভাবকগুলো,সম্পর্কিত,কারণ,10
T1612,684,বক্চচলন,182,কাণ্ড,সম্পর্কিত,কারণ,10
T1616,645,ফটোট্রপিক চলন,132,উদ্ভিদ,সম্পর্কিত,কাজ,10
T1625,1005,সমন্বয়,14,অঙ্গ,সম্পর্কিত,কাজ,10
T1626,672,ফেরোমন,253,খাদ্য,সম্পর্কিত,কারণ,10
T1630,1080,স্নায়ুতল্ত,1005,সমন্বয়,সম্পর্কিত,কাজ,10
T1631,1095,হরমোনতন্দ্র,1005,সমন্বয়,সম্পর্কিত,কাজ,10
T1632,423,তন্ত্র,633,প্রাণী,সম্পর্কিত,কাজ,10
T1632,423,তন্ত্র,14,অঙ্গ,সম্পর্কিত,কাজ,10
T1632,423,তন্ত্র,1005,সমন্বয়,সম্পর্কিত,কাজ,10
T1633,1079,স্নায়ুতন্ত্র,14,অঙ্গ,সম্পর্কিত,কারণ,10
T1633,1079,স্নায়ুতন্ত্র,1005,সমন্বয়,সম্পর্কিত,কারণ,10
T1634,869,য্নায়ূতন্ত্র,14,অঙ্গ,সম্পর্কিত,কাজ,10
T1634,869,য্নায়ূতন্ত্র,423,তন্ত্র,সম্পর্কিত,কাজ,10
T1634,869,য্নায়ূতন্ত্র,1005,সমন্বয়,সম্পর্কিত,কাজ,10
T1634,869,য্নায়ূতন্ত্র,131,উদ্দীপনা,সম্পর্কিত,কাজ,10
T1639,797,মস্তিষ্ক,792,মধ্যমস্তিষ্ক,সম্পর্কিত,অংশ,10
T1649,1059,সেরিব্রাল হেমিস্ফিয়ার,510,নিউরন,সম্পর্কিত,অবস্থান,10
T1654,1057,সেরিব্রাম,510,নিউরন,সম্পর্কিত,কারণ,10
T1654,1057,সেরিব্রাম,91,আ্যাক্সন,সম্পর্কিত,কারণ,10
T1663,1056,সেরিবেলাম,485,ধূসর পদার্থ,সম্পর্কিত,লক্ষণ,10
T1663,1056,সেরিবেলাম,984,শ্বেত পদার্থ,সম্পর্কিত,লক্ষণ,10
T1664,1056,সেরিবেলাম,1005,সমন্বয়,সম্পর্কিত,কাজ,10
T1664,1056,সেরিবেলাম,587,পেশিগুলো,সম্পর্কিত,কাজ,10
T1666,849,মেডুলা অবলংগাটা,797,মস্তিষ্ক,সম্পর্কিত,অংশ,10
T1667,849,মেডুলা অবলংগাটা,1056,সেরিবেলাম,সম্পর্কিত,অংশ,10
T1667,849,মেডুলা অবলংগাটা,848,মেডুলা,সম্পর্কিত,অংশ,10
T1669,169,করোটিক ম্নায়ু,849,মেডুলা অবলংগাটা,সম্পর্কিত,অবস্থান,10
T1670,169,করোটিক ম্নায়ু,253,খাদ্য,সম্পর্কিত,কাজ,10
T1671,169,করোটিক ম্নায়ু,1111,হৃৎপিণ্ড,সম্পর্কিত,কাজ,10
T1672,169,করোটিক ম্নায়ু,667,ফুসফুস,সম্পর্কিত,কাজ,10
T1673,169,করোটিক ম্নায়ু,292,গলবিল,সম্পর্কিত,কাজ,10
T1677,857,মেরুরজ্জু,330,ছিদ্র,সম্পর্কিত,অবস্থান,10
T1681,857,মেরুরজ্জু,797,মস্তিষ্ক,সম্পর্কিত,অবস্থান,10
T1683,857,মেরুরজ্জু,868,য্নায়ুগুলো,সম্পর্কিত,অংশ,10
T1685,1078,স্নায়ুটিস্যু,1076,স্নায়ুকোষ,সম্পর্কিত,অংশ,10
T1685,1078,স্নায়ুটিস্যু,510,নিউরন,সম্পর্কিত,অংশ,10
T1687,416,ডেনড্রন,211,কোষদেহ,সম্পর্কিত,কারণ,10
T1688,416,ডেনড্রন,417,ডেনড্রাইট,সম্পর্কিত,অংশ,10
T1689,417,ডেনড্রাইট,510,নিউরন,সম্পর্কিত,কাজ,10
T1690,511,নিউরনের আযাক্সনের টারমিনাল,654,ফাঁকা সংযোগস্থল,সম্পর্কিত,অবস্থান,10
T1691,654,ফাঁকা সংযোগস্থল,1034,সিন্যাপস,সম্পর্কিত,কারণ,10
T1692,512,নিউরনের সম্ধিস্থল,510,নিউরন,সম্পর্কিত,অবস্থান,10
T1694,510,নিউরন,131,উদ্দীপনা,সম্পর্কিত,কাজ,10
T1695,32,অনুভূতিবাহী বা সংবেদী নিউরন গ্রাহক অঙ্গ,131,উদ্দীপনা,সম্পর্কিত,কারণ,10
T1696,194,কেন্দ্রীয় স্নায়ূতন্ত্র,131,উদ্দীপনা,সম্পর্কিত,কারণ,10
T1697,859,মোটর বা আজ্ঞাবাহী নিউরন,131,উদ্দীপনা,সম্পর্কিত,কারণ,10
T1700,86,আলোর উদ্দীপনাজনিত তাড়না,587,পেশিগুলো,সম্পর্কিত,কাজ,10
T1701,67,আঙ্গুলের ত্বক,442,ত্বক,সম্পর্কিত,অবস্থান,10
T1702,442,ত্বক,510,নিউরন,সম্পর্কিত,কাজ,10
T1702,442,ত্বক,131,উদ্দীপনা,সম্পর্কিত,কাজ,10
T1703,131,উদ্দীপনা,510,নিউরন,সম্পর্কিত,অবস্থান,10
T1705,993,সংবেদী নিউরনের আ্যাক্সন,131,উদ্দীপনা,সম্পর্কিত,কারণ,10
T1706,131,উদ্দীপনা,1077,স্নায়ুগুলো,সম্পর্কিত,অবস্থান,10
T1707,131,উদ্দীপনা,91,আ্যাক্সন,সম্পর্কিত,অবস্থান,10
T1708,635,প্রান্তীয় স্নায়ুতন্ত্র,797,মস্তিষ্ক,সম্পর্কিত,অংশ,10
T1708,635,প্রান্তীয় স্নায়ুতন্ত্র,857,মেরুরজ্জু,সম্পর্কিত,অংশ,10
T1708,635,প্রান্তীয় স্নায়ুতন্ত্র,1077,স্নায়ুগুলো,সম্পর্কিত,অংশ,10
T1709,170,করোটিক স্নায়ু,354,জিহ্বা,সম্পর্কিত,কাজ,10
T1709,170,করোটিক স্নায়ু,461,দাঁত,সম্পর্কিত,কাজ,10
T1709,170,করোটিক স্নায়ু,1111,হৃৎপিণ্ড,সম্পর্কিত,কাজ,10
T1709,170,করোটিক স্নায়ু,547,পাকস্থলী,সম্পর্কিত,কাজ,10
T1709,170,করোটিক স্নায়ু,14,অঙ্গ,সম্পর্কিত,কাজ,10
T1710,868,য্নায়ুগুলো,14,অঙ্গ,সম্পর্কিত,কাজ,10
T1712,860,ম্নায়ু তাড়না,991,সংকেত,সম্পর্কিত,কারণ,10
T1717,130,উত্তেজিত য়ায়ু,33,অনুভূতিবাহী য়ায়ু,সম্পর্কিত,কারণ,10
T1718,33,অনুভূতিবাহী য়ায়ু,797,মস্তিষ্ক,সম্পর্কিত,কাজ,10
T1719,962,শিক্ষকের কথা,951,শব্দ তরঙ্গ,সম্পর্কিত,অবস্থান,10
T1721,328,ছাত্রের পেশি,14,অঙ্গ,সম্পর্কিত,কাজ,10
T1722,328,ছাত্রের পেশি,587,পেশিগুলো,সম্পর্কিত,কাজ,10
T1725,656,ফাইটোহরমোন,132,উদ্ভিদ,সম্পর্কিত,কারণ,10
T1725,656,ফাইটোহরমোন,1094,হরমোন,সম্পর্কিত,কারণ,10
T1726,821,মানবদেহের কয়েকটি মুখ্য নালিবিহীন গ্রন্থি,1094,হরমোন,সম্পর্কিত,কাজ,10
T1727,565,পিটুইটারি গ্রন্থি,797,মস্তিষ্ক,সম্পর্কিত,অবস্থান,10
T1728,565,পিটুইটারি গ্রন্থি,819,মানবদেহ,সম্পর্কিত,কাজ,10
T1728,565,পিটুইটারি গ্রন্থি,1094,হরমোন,সম্পর্কিত,কাজ,10
T1728,565,পিটুইটারি গ্রন্থি,301,গ্রন্থি,সম্পর্কিত,কাজ,10
T1732,447,থাইরয়েড গ্রন্থি,446,থাইরক্সিন,সম্পর্কিত,কাজ,10
T1733,446,থাইরক্সিন,820,মানবদেহে,সম্পর্কিত,কাজ,10
T1734,447,থাইরয়েড গ্রন্থি,226,ক্যালসিটোনিন,সম্পর্কিত,কারণ,10
T1735,226,ক্যালসিটোনিন,227,ক্যালসিয়াম,সম্পর্কিত,কাজ,10
T1737,598,প্যারাথাইরয়েড গ্রন্থি,227,ক্যালসিয়াম,সম্পর্কিত,কাজ,10
T1737,598,প্যারাথাইরয়েড গ্রন্থি,650,ফসফরাস,সম্পর্কিত,কাজ,10
T1741,444,থাইমাস গ্রন্থি,445,থাইমোসিন,সম্পর্কিত,কারণ,10
T1747,203,কোষ,112,ইনসুলিন,সম্পর্কিত,কাজ,10
T1748,854,মেয়েদের ডিম্বাশয়,337,জনন অঙ্গ,সম্পর্কিত,অবস্থান,10
T1749,333,ছেলেদের শুক্লাশয়,337,জনন অঙ্গ,সম্পর্কিত,অবস্থান,10
T1750,337,জনন অঙ্গ,915,লক্ষণ,সম্পর্কিত,কাজ,10
T1753,337,জনন অঙ্গ,694,বয়স,সম্পর্কিত,কারণ,10
T1753,337,জনন অঙ্গ,573,পুরুষ,সম্পর্কিত,কারণ,10
T1753,337,জনন অঙ্গ,1094,হরমোন,সম্পর্কিত,কারণ,10
T1756,448,থাইরয়েড হরমোনের ঘাটতি,967,শিশুদের,সম্পর্কিত,কারণ,10
T1761,77,আয়োডিনের অভাব,967,শিশুদের,সম্পর্কিত,কারণ,10
T1763,545,পসটুলেটেড হরমোন,132,উদ্ভিদ,সম্পর্কিত,কাজ,10
T1763,545,পসটুলেটেড হরমোন,14,অঙ্গ,সম্পর্কিত,কাজ,10
T1768,112,ইনসুলিন,956,শর্করা,সম্পর্কিত,কাজ,10
T1769,408,ডায়াবেটিস,112,ইনসুলিন,সম্পর্কিত,কারণ,10
T1770,386,টাইপ-2 ডায়াবেটিস,112,ইনসুলিন,সম্পর্কিত,কারণ,10
T1772,113,ইনসুলিনের ঘাটতি,159,ওঁষধ,সম্পর্কিত,কারণ,10
T1774,912,রোগ,1020,সাধারণত,সম্পর্কিত,লক্ষণ,10
T1778,912,রোগ,276,খাবার,সম্পর্কিত,লক্ষণ,10
T1783,912,রোগ,915,লক্ষণ,সম্পর্কিত,কারণ,10
T1788,912,রোগ,112,ইনসুলিন,সম্পর্কিত,কারণ,10
T1788,912,রোগ,968,শিশুর,সম্পর্কিত,কারণ,10
T1789,913,রোগী,885,রক্তে,সম্পর্কিত,অবস্থান,10
T1791,1070,স্ট্রোক,126,উচ্চ রক্তচাপ,সম্পর্কিত,কারণ,10
T1792,1070,স্ট্রোক,797,মস্তিষ্ক,সম্পর্কিত,কারণ,10
T1797,128,উচ্চ রক্তচাপের ব্যক্তি,126,উচ্চ রক্তচাপ,সম্পর্কিত,প্রতিরোধ,10
T1798,409,ডায়াবেটিসের ব্যক্তি,160,ওঁষধ সেবন,সম্পর্কিত,প্রতিরোধ,10
T1800,599,প্যারালাইসিস,797,মস্তিষ্ক,সম্পর্কিত,কারণ,10
T1801,599,প্যারালাইসিস,587,পেশিগুলো,সম্পর্কিত,কাজ,10
T1802,599,প্যারালাইসিস,14,অঙ্গ,সম্পর্কিত,লক্ষণ,10
T1803,599,প্যারালাইসিস,1070,স্ট্রোক,সম্পর্কিত,কারণ,10
T1806,599,প্যারালাইসিস,868,য্নায়ুগুলো,সম্পর্কিত,কারণ,10
T1816,1003,সবুজ বৃতি,253,খাদ্য,সম্পর্কিত,কাজ,11
T1818,870,রং-বেরঙের বৃতি,533,পরাগায়ন,সম্পর্কিত,কারণ,11
T1828,1074,স্ত্রীসতবক,285,গর্ভপত্র,সম্পর্কিত,কাজ,11
T1841,1088,স্ব-পরাগায়ন,533,পরাগায়ন,সম্পর্কিত,কাজ,11
T1843,529,পর-পরাগায়ন,530,পরাগ,সম্পর্কিত,কাজ,11
T1846,741,বীজ,1088,স্ব-পরাগায়ন,সম্পর্কিত,কারণ,11
T1846,741,বীজ,529,পর-পরাগায়ন,সম্পর্কিত,কারণ,11
T1847,294,গাছ,756,বৈচিত্র্য,সম্পর্কিত,অবস্থান,11
T1848,533,পরাগায়ন,605,প্রক্রিয়া,সম্পর্কিত,কারণ,11
T1849,533,পরাগায়ন,537,পরিবর্তন,সম্পর্কিত,কারণ,11
T1851,816,মাধ্যম,709,বায়ু,সম্পর্কিত,অংশ,11
T1851,816,মাধ্যম,554,পানি,সম্পর্কিত,অংশ,11
T1864,531,পরাগরেণু,832,মিয়োসিস,সম্পর্কিত,অবস্থান,11
T1864,531,পরাগরেণু,734,বিভাজন,সম্পর্কিত,অবস্থান,11
T1864,531,পরাগরেণু,38,অপত্য,সম্পর্কিত,অবস্থান,11
T1864,531,পরাগরেণু,530,পরাগ,সম্পর্কিত,অবস্থান,11
T1867,335,ছোট কোষ,374,জেনারেটিভ কোষ,সম্পর্কিত,অংশ,11
T1869,374,জেনারেটিভ কোষ,572,পুংজনন কোষ,সম্পর্কিত,কাজ,11
T1870,339,জননকোষ,972,শুক্রাণু,সম্পর্কিত,প্রকার,11
T1870,339,জননকোষ,415,ডিম্বাণু,সম্পর্কিত,প্রকার,11
T1878,463,দুই মেরু,289,গর্ভযন্ম,সম্পর্কিত,কাজ,11
T1888,1087,স্ফীত অগ্রভাগ,572,পুংজনন কোষ,সম্পর্কিত,কাজ,11
T1889,572,পুংজনন কোষ,341,জাইগোট,সম্পর্কিত,কাজ,11
T1890,572,পুংজনন কোষ,415,ডিম্বাণু,সম্পর্কিত,কাজ,11
T1890,572,পুংজনন কোষ,506,নিউক্লিয়াস,সম্পর্কিত,কাজ,11
T1891,648,ফল,14,অঙ্গ,সম্পর্কিত,অংশ,11
T1897,606,প্রজনন,50,অযৌন প্রজনন,সম্পর্কিত,প্রকার,11
T1899,341,জাইগোট,734,বিভাজন,সম্পর্কিত,কাজ,11
T1901,835,মুকুলোদগম,50,অযৌন প্রজনন,সম্পর্কিত,প্রকার,11
T1902,734,বিভাজন,50,অযৌন প্রজনন,সম্পর্কিত,প্রকার,11
T1903,246,খণ্ডায়ন,50,অযৌন প্রজনন,সম্পর্কিত,প্রকার,11
T1904,867,যৌন প্রজনন,606,প্রজনন,সম্পর্কিত,কাজ,11
T1905,464,দুইটি বিপরীত লিঙ্গের প্রাণী,571,পুং ও স্ত্রীজনন কোষ বা গ্যামেট,সম্পর্কিত,কাজ,11
T1906,571,পুং ও স্ত্রীজনন কোষ বা গ্যামেট,867,যৌন প্রজনন,সম্পর্কিত,প্রকার,11
T1907,521,নিষেক,415,ডিম্বাণু,সম্পর্কিত,কাজ,11
T1911,341,জাইগোট,235,ক্রোমোজোম,সম্পর্কিত,অংশ,11
T1913,35,অন্তঃনিষেক,521,নিষেক,সম্পর্কিত,প্রকার,11
T1914,35,অন্তঃনিষেক,573,পুরুষ,সম্পর্কিত,কাজ,11
T1914,35,অন্তঃনিষেক,633,প্রাণী,সম্পর্কিত,কাজ,11
T1914,35,অন্তঃনিষেক,972,শুক্রাণু,সম্পর্কিত,কাজ,11
T1915,35,অন্তঃনিষেক,759,বৈশিষ্ট্য,সম্পর্কিত,অবস্থান,11
T1916,522,নিষেক ভ্ূণে,235,ক্রোমোজোম,সম্পর্কিত,কাজ,11
T1917,522,নিষেক ভ্ূণে,415,ডিম্বাণু,সম্পর্কিত,কাজ,11
T1918,522,নিষেক ভ্ূণে,759,বৈশিষ্ট্য,সম্পর্কিত,কাজ,11
T1919,522,নিষেক ভ্ূণে,934,লিঙ্গ,সম্পর্কিত,কাজ,11
T1920,817,মানব প্রজনন,1094,হরমোন,সম্পর্কিত,কারণ,11
T1924,372,জীবের বৈশিষ্ট্য,606,প্রজনন,সম্পর্কিত,কারণ,11
T1925,516,নিম্নশ্রেণির জীব,734,বিভাজন,সম্পর্কিত,কাজ,11
T1928,334,ছেলেমেয়েদের,759,বৈশিষ্ট্য,সম্পর্কিত,কাজ,11
T1929,1094,হরমোন,14,অঙ্গ,সম্পর্কিত,কাজ,11
T1932,855,মেয়েরা,606,প্রজনন,সম্পর্কিত,কাজ,11
T1933,853,মেয়েদের,694,বয়স,সম্পর্কিত,অবস্থান,11
T1939,972,শুক্রাণু,606,প্রজনন,সম্পর্কিত,অবস্থান,11
T1940,939,লেজ,972,শুক্রাণু,সম্পর্কিত,কাজ,11
T1940,939,লেজ,606,প্রজনন,সম্পর্কিত,কাজ,11
T1942,973,শুব্রাণু,415,ডিম্বাণু,সম্পর্কিত,কাজ,11
T1943,972,শুক্রাণু,35,অন্তঃনিষেক,সম্পর্কিত,কারণ,11
T1944,521,নিষেক,973,শুব্রাণু,সম্পর্কিত,লক্ষণ,11
T1947,309,ঘটনাবলি,781,ভ্রণ,সম্পর্কিত,কাজ,11
T1951,290,গর্ভাবস্থা,967,শিশুদের,সম্পর্কিত,কাজ,11
T1958,49,অমরা,250,খনিজ লবণ,সম্পর্কিত,কাজ,11
T1958,49,অমরা,781,ভ্রণ,সম্পর্কিত,কাজ,11
T1958,49,অমরা,885,রক্তে,সম্পর্কিত,কাজ,11
T1958,49,অমরা,253,খাদ্য,সম্পর্কিত,কাজ,11
T1958,49,অমরা,956,শর্করা,সম্পর্কিত,কাজ,11
T1958,49,অমরা,75,আমিষ,সম্পর্কিত,কাজ,11
T1958,49,অমরা,554,পানি,সম্পর্কিত,কাজ,11
T1959,49,অমরা,184,কার্বন ডাই-অক্সাইড,সম্পর্কিত,কাজ,11
T1959,49,অমরা,871,রক্ত,সম্পর্কিত,কাজ,11
T1959,49,অমরা,6,অক্সিজেন,সম্পর্কিত,কাজ,11
T1960,49,অমরা,745,বৃক্ধ,সম্পর্কিত,কাজ,11
T1961,49,অমরা,695,বর্জ্য পদার্থ,সম্পর্কিত,কাজ,11
T1962,49,অমরা,1094,হরমোন,সম্পর্কিত,কাজ,11
T1964,490,নাড়িও,781,ভ্রণ,সম্পর্কিত,কারণ,11
T1972,785,ভ্র্ণ,287,গর্ভবতীদের,সম্পর্কিত,কাজ,11
T1972,785,ভ্র্ণ,49,অমরা,সম্পর্কিত,কাজ,11
T1972,785,ভ্র্ণ,1094,হরমোন,সম্পর্কিত,কাজ,11
T1976,150,এইডস রোগ,573,পুরুষ,সম্পর্কিত,কারণ,11
T1979,756,বৈচিত্র্য,608,প্রজাতি,সম্পর্কিত,কারণ,11
T1989,577,পূর্ণ পাক,788,মডেল,সম্পর্কিত,কাজ,12
T1990,934,লিঙ্গ,573,পুরুষ,সম্পর্কিত,কাজ,12
T1992,329,ছার,769,ভাইরাস,সম্পর্কিত,অবস্থান,12
T1993,329,ছার,489,নাইট্রোজেন বেস,সম্পর্কিত,অংশ,12
T1999,991,সংকেত,638,প্রোটিনগুলো,সম্পর্কিত,কাজ,12
T2004,630,প্রাণরাসায়নিক বিক্রিয়াগুলো,604,প্রকৃতি,সম্পর্কিত,কাজ,12
T2005,638,প্রোটিনগুলো,759,বৈশিষ্ট্য,সম্পর্কিত,কারণ,12
T2006,355,জীব,235,ক্রোমোজোম,সম্পর্কিত,অংশ,12
T2007,851,মেন্ডেল,916,লম্বা গাছের জিন,সম্পর্কিত,কারণ,12
T2013,382,জৈবিক নমুনা,1101,হাড়,সম্পর্কিত,প্রকার,12
T2013,382,জৈবিক নমুনা,461,দাঁত,সম্পর্কিত,প্রকার,12
T2013,382,জৈবিক নমুনা,871,রক্ত,সম্পর্কিত,প্রকার,12
T2013,382,জৈবিক নমুনা,927,লালা,সম্পর্কিত,প্রকার,12
T2013,382,জৈবিক নমুনা,393,টিস্যু,সম্পর্কিত,প্রকার,12
T2018,1048,সেক্স-অটোজোমগুলো,470,দেহের গঠন,সম্পর্কিত,কাজ,12
T2018,1048,সেক্স-অটোজোমগুলো,781,ভ্রণ,সম্পর্কিত,কাজ,12
T2020,852,মেয়ে,235,ক্রোমোজোম,সম্পর্কিত,অবস্থান,12
T2022,573,পুরুষ,235,ক্রোমোজোম,সম্পর্কিত,অবস্থান,12
T2023,573,পুরুষ,915,লক্ষণ,সম্পর্কিত,কারণ,12
T2024,185,কালার র্লাইন্ডনেস,1077,স্নায়ুগুলো,সম্পর্কিত,অবস্থান,12
T2027,573,পুরুষ,1020,সাধারণত,সম্পর্কিত,পরিমাণ,12
T2028,453,থ্যালাসেমিয়া,871,রক্ত,সম্পর্কিত,অবস্থান,12
T2029,453,থ্যালাসেমিয়া,638,প্রোটিনগুলো,সম্পর্কিত,কারণ,12
T2030,453,থ্যালাসেমিয়া,944,লোহিত রক্তকোষ,সম্পর্কিত,কারণ,12
T2033,453,থ্যালাসেমিয়া,732,বিটা (০) থ্যালাসেমিয়া,সম্পর্কিত,প্রকার,12
T2037,732,বিটা (০) থ্যালাসেমিয়া,638,প্রোটিনগুলো,সম্পর্কিত,কারণ,12
T2039,455,থ্যালাসেমিয়া মেজর,453,থ্যালাসেমিয়া,সম্পর্কিত,প্রকার,12
T2040,454,থ্যালাসেমিয়া মাইনর,453,থ্যালাসেমিয়া,সম্পর্কিত,প্রকার,12
T2041,458,থ্যালাসেমিয়ার শিশু,968,শিশুর,সম্পর্কিত,কারণ,12
T2042,456,থ্যালাসেমিয়ার চিকিৎসা,871,রক্ত,সম্পর্কিত,কাজ,12
T2044,457,থ্যালাসেমিয়ার রোগী,865,যকৃৎ,সম্পর্কিত,কারণ,12
T2047,457,থ্যালাসেমিয়ার রোগী,408,ডায়াবেটিস,সম্পর্কিত,লক্ষণ,12
T2050,235,ক্রোমোজোম,506,নিউক্লিয়াস,সম্পর্কিত,অবস্থান,12
T2053,380,জৈব অভিব্যক্তি,605,প্রক্রিয়া,সম্পর্কিত,কারণ,12
T2054,696,বর্তমানের বৈচিত্র্যময় জীবজগত,370,জীবের বংশগতি,সম্পর্কিত,অবস্থান,12
T2054,696,বর্তমানের বৈচিত্র্যময় জীবজগত,380,জৈব অভিব্যক্তি,সম্পর্কিত,অবস্থান,12
T2055,118,ইভোলিউশন,537,পরিবর্তন,সম্পর্কিত,সংজ্ঞা,12
T2056,370,জীবের বংশগতি,380,জৈব অভিব্যক্তি,সম্পর্কিত,প্রকার,12
T2058,501,নিউক্লিওপ্রোটিন,640,প্রোটোভাইরাস,সম্পর্কিত,কাজ,12
T2059,640,প্রোটোভাইরাস,769,ভাইরাস,সম্পর্কিত,কাজ,12
T2065,27,অত্যধিক হারে বংশবৃদ্ধি,759,বৈশিষ্ট্য,সম্পর্কিত,কাজ,12
T2066,998,সবল প্রাণী,633,প্রাণী,সম্পর্কিত,কারণ,12
T2083,500,নিউক্লিওটাইড,956,শর্করা,সম্পর্কিত,অংশ,12
T2084,500,নিউক্লিওটাইড,235,ক্রোমোজোম,সম্পর্কিত,অংশ,12
T2097,937,লিভিং ফসিল,991,সংকেত,সম্পর্কিত,কারণ,12
T2104,297,গৌণ খাদক,633,প্রাণী,সম্পর্কিত,অবস্থান,13
T2105,439,তৃতীয় শ্রেণির খাদক,297,গৌণ খাদক,সম্পর্কিত,অবস্থান,13
T2105,439,তৃতীয় শ্রেণির খাদক,633,প্রাণী,সম্পর্কিত,অবস্থান,13
T2106,1021,"সাপ, ময়ূর, বাঘ",297,গৌণ খাদক,সম্পর্কিত,অবস্থান,13
T2106,1021,"সাপ, ময়ূর, বাঘ",633,প্রাণী,সম্পর্কিত,অবস্থান,13
T2107,73,আবর্জনাভুক,633,প্রাণী,সম্পর্কিত,অবস্থান,13
T2108,178,"কাক, শকুন, শিয়াল, হায়েনা",633,প্রাণী,সম্পর্কিত,অবস্থান,13
T2110,359,জীবজ উপাদান,474,দ্বিতীয় স্তরের খাদক,সম্পর্কিত,প্রকার,13
T2110,359,জীবজ উপাদান,440,তৃতীয় স্তরের খাদক,সম্পর্কিত,প্রকার,13
T2110,359,জীবজ উপাদান,144,উৎপাদক,সম্পর্কিত,প্রকার,13
T2110,359,জীবজ উপাদান,737,বিয়োজক,সম্পর্কিত,প্রকার,13
T2111,144,উৎপাদক,132,উদ্ভিদ,সম্পর্কিত,সংজ্ঞা,13
T2113,265,খাদ্যশিকল,949,শত্তি পিরামিড,সম্পর্কিত,কাজ,13
T2118,474,দ্বিতীয় স্তরের খাদক,253,খাদ্য,সম্পর্কিত,কাজ,13
T2119,440,তৃতীয় স্তরের খাদক,316,চিংড়ি,সম্পর্কিত,কাজ,13
T2121,438,তৃণভোজী প্রাণী এবং মাংসাশী প্রাণী,253,খাদ্য,সম্পর্কিত,কারণ,13
T2122,257,খাদ্য শক্তি,144,উৎপাদক,সম্পর্কিত,অবস্থান,13
T2128,265,খাদ্যশিকল,719,বাস্তুতন্ত্রের খাদ্যশিকল,সম্পর্কিত,কারণ,13
T2128,265,খাদ্যশিকল,144,উৎপাদক,সম্পর্কিত,কারণ,13
T2129,719,বাস্তুতন্ত্রের খাদ্যশিকল,144,উৎপাদক,সম্পর্কিত,কারণ,13
T2130,327,ছাত্রছাত্রী,144,উৎপাদক,সম্পর্কিত,কাজ,13
T2130,327,ছাত্রছাত্রী,737,বিয়োজক,সম্পর্কিত,কাজ,13
T2131,265,খাদ্যশিকল,261,খাদ্যজাল,সম্পর্কিত,কারণ,13
T2135,437,তৃণভোজী প্রাণী,801,মাংসাশী প্রাণী,সম্পর্কিত,অংশ,13
T2136,801,মাংসাশী প্রাণী,737,বিয়োজক,সম্পর্কিত,অংশ,13
T2139,1002,সবুজ উদ্ভিদ,253,খাদ্য,সম্পর্কিত,অংশ,13
T2140,1045,সূর্য,1002,সবুজ উদ্ভিদ,সম্পর্কিত,পরিমাণ,13
T2140,1045,সূর্য,1027,সালোকসংশ্লেষণ,সম্পর্কিত,পরিমাণ,13
T2144,846,মৃতদেহে সঞ্চিত রাসায়নিক শক্তি,336,জড় পদার্থ বা শক্তি,সম্পর্কিত,কারণ,13
T2146,145,উৎপাদক সবুজ উদ্ভিদ,437,তৃণভোজী প্রাণী,সম্পর্কিত,অংশ,13
T2150,1002,সবুজ উদ্ভিদ,709,বায়ু,সম্পর্কিত,অবস্থান,13
T2150,1002,সবুজ উদ্ভিদ,810,মাটি,সম্পর্কিত,অবস্থান,13
T2151,1002,সবুজ উদ্ভিদ,6,অক্সিজেন,সম্পর্কিত,কাজ,13
T2152,133,উদ্ভিদ এবং প্রাণী,975,শ্বসন,সম্পর্কিত,কাজ,13
T2152,133,উদ্ভিদ এবং প্রাণী,6,অক্সিজেন,সম্পর্কিত,কাজ,13
T2153,132,উদ্ভিদ,253,খাদ্য,সম্পর্কিত,কাজ,13
T2154,437,তৃণভোজী প্রাণী,132,উদ্ভিদ,সম্পর্কিত,কাজ,13
T2155,736,বিভিন্ন স্তরের মাংসাশী প্রাণী,801,মাংসাশী প্রাণী,সম্পর্কিত,কাজ,13
T2155,736,বিভিন্ন স্তরের মাংসাশী প্রাণী,253,খাদ্য,সম্পর্কিত,কাজ,13
T2163,948,শক্তির প্রবাহ,265,খাদ্যশিকল,সম্পর্কিত,কারণ,13
T2165,366,জীববৈচিত্র্য,609,প্রজাতিগত বৈচিত্র্য,সম্পর্কিত,প্রকার,13
T2165,366,জীববৈচিত্র্য,756,বৈচিত্র্য,সম্পর্কিত,প্রকার,13
T2166,609,প্রজাতিগত বৈচিত্র্য,759,বৈশিষ্ট্য,সম্পর্কিত,সংজ্ঞা,13
T2166,609,প্রজাতিগত বৈচিত্র্য,608,প্রজাতি,সম্পর্কিত,সংজ্ঞা,13
T2169,724,বাস্তুতান্দ্রিক বৈচিত্র্য,366,জীববৈচিত্র্য,সম্পর্কিত,কাজ,13
T2170,722,বাস্তুতন্দ্রের ভৌত উপাদান,724,বাস্তুতান্দ্রিক বৈচিত্র্য,সম্পর্কিত,অংশ,13
T2171,723,বাস্তুতন্দ্রের রাসায়নিক উপাদান,724,বাস্তুতান্দ্রিক বৈচিত্র্য,সম্পর্কিত,অংশ,13
T2172,721,বাস্তুতন্দ্রের জৈবিক উপাদান,724,বাস্তুতান্দ্রিক বৈচিত্র্য,সম্পর্কিত,অংশ,13
T2178,830,মিউচুয়ালিজম,533,পরাগায়ন,সম্পর্কিত,কারণ,13
T2180,830,মিউচুয়ালিজম,132,উদ্ভিদ,সম্পর্কিত,লক্ষণ,13
T2181,894,রাইজোবিয়াম,132,উদ্ভিদ,সম্পর্কিত,অবস্থান,13
T2183,914,রোহিণী উদ্ভিদ,132,উদ্ভিদ,সম্পর্কিত,কাজ,13
T2195,581,পেনিসিলিয়াম ছত্রাক,763,ব্যাকটেরিয়া,সম্পর্কিত,কারণ,13
T2195,581,পেনিসিলিয়াম ছত্রাক,96,আ্যান্টিবায়োসিস,সম্পর্কিত,কারণ,13
T2196,319,চিত্র ১৩.১১,96,আ্যান্টিবায়োসিস,সম্পর্কিত,লক্ষণ,13
T2198,303,গ্রিনহাউস ইফেক্ট,537,পরিবর্তন,সম্পর্কিত,কারণ,13
T2201,303,গ্রিনহাউস ইফেক্ট,822,মানুষ,সম্পর্কিত,কারণ,13
T2204,544,পশুর রোগ নিরাময়ে,375,জেনেটিক ইঞ্জিনিয়ারিং,সম্পর্কিত,কাজ,13
T2206,394,টিস্যু কালচার,132,উদ্ভিদ,সম্পর্কিত,কাজ,14
T2209,856,মেরিস্টেম,14,অঙ্গ,সম্পর্কিত,কাজ,14
T2209,856,মেরিস্টেম,393,টিস্যু,সম্পর্কিত,কাজ,14
T2210,856,মেরিস্টেম,132,উদ্ভিদ,সম্পর্কিত,কারণ,14
T2211,351,জিন প্রকৌশল,537,পরিবর্তন,সম্পর্কিত,কাজ,14
T2212,903,রিকম্বিনেন্ট ডিএনএ কৌশল,413,ডিএনএ,সম্পর্কিত,কাজ,14
T2213,904,রিকম্বিনেন্ট ডিএনএ প্রযুক্তি,413,ডিএনএ,সম্পর্কিত,কাজ,14
T2213,904,রিকম্বিনেন্ট ডিএনএ প্রযুক্তি,605,প্রক্রিয়া,সম্পর্কিত,কাজ,14
T2216,604,প্রকৃতি,377,জেনেটিক মডিফিকেশন,সম্পর্কিত,কাজ,14
T2216,604,প্রকৃতি,605,প্রক্রিয়া,সম্পর্কিত,কাজ,14
T2221,922,লাইগেজ,413,ডিএনএ,সম্পর্কিত,কাজ,14
T2221,922,লাইগেজ,641,প্লাজমিড,সম্পর্কিত,কাজ,14
T2228,763,ব্যাকটেরিয়া,683,বংশবৃদ্ধি,সম্পর্কিত,অবস্থান,14
T2230,351,জিন প্রকৌশল,132,উদ্ভিদ,সম্পর্কিত,কাজ,14
T2230,351,জিন প্রকৌশল,633,প্রাণী,সম্পর্কিত,কাজ,14
T2234,375,জেনেটিক ইঞ্জিনিয়ারিং,822,মানুষ,সম্পর্কিত,কারণ,14
T2240,378,জেনেটিকভাবে পরিবর্তিত,763,ব্যাকটেরিয়া,সম্পর্কিত,কাজ,14
T2240,378,জেনেটিকভাবে পরিবর্তিত,124,ইস্ট,সম্পর্কিত,কাজ,14
T2240,378,জেনেটিকভাবে পরিবর্তিত,1094,হরমোন,সম্পর্কিত,কাজ,14
T2241,62,অস্বাভাবিক খাটো হওয়া রোগ,378,জেনেটিকভাবে পরিবর্তিত,সম্পর্কিত,কারণ,14
T2241,62,অস্বাভাবিক খাটো হওয়া রোগ,763,ব্যাকটেরিয়া,সম্পর্কিত,কারণ,14
T2241,62,অস্বাভাবিক খাটো হওয়া রোগ,124,ইস্ট,সম্পর্কিত,কারণ,14
T2241,62,অস্বাভাবিক খাটো হওয়া রোগ,1094,হরমোন,সম্পর্কিত,কারণ,14
T2242,770,ভাইরাসজনিত রোগ,378,জেনেটিকভাবে পরিবর্তিত,সম্পর্কিত,কারণ,14
T2242,770,ভাইরাসজনিত রোগ,763,ব্যাকটেরিয়া,সম্পর্কিত,কারণ,14
T2242,770,ভাইরাসজনিত রোগ,124,ইস্ট,সম্পর্কিত,কারণ,14
T2242,770,ভাইরাসজনিত রোগ,1094,হরমোন,সম্পর্কিত,কারণ,14
T2243,220,ক্যান্সার,378,জেনেটিকভাবে পরিবর্তিত,সম্পর্কিত,কারণ,14
T2243,220,ক্যান্সার,763,ব্যাকটেরিয়া,সম্পর্কিত,কারণ,14
T2243,220,ক্যান্সার,124,ইস্ট,সম্পর্কিত,কারণ,14
T2243,220,ক্যান্সার,1094,হরমোন,সম্পর্কিত,কারণ,14
T2245,4,অংশ,531,পরাগরেণু,সম্পর্কিত,অংশ,14
